transaction_id,date,location_id,customer_segment,product_category,quantity,net_revenue,status
T000001,2026-07-12,L01,consumer,Category D,2,32.0,completed
T000002,2026-07-12,L01,consumer,Category B,1,14.0,completed
T000003,2026-07-12,L01,consumer,Category A,6,144.0,completed
T000004,2026-07-12,L01,consumer,Category A,1,17.0,completed
T000005,2026-07-12,L01,consumer,Category B,5,60.0,completed
T000006,2026-07-12,L01,consumer,Category C,5,75.0,completed
T000007,2026-07-12,L01,business,Category A,2,26.0,completed
T000008,2026-07-12,L01,consumer,Category A,6,72.0,completed
T000009,2026-07-12,L01,consumer,Category C,6,138.0,completed
T000010,2026-07-12,L01,consumer,Category D,1,18.0,completed
T000011,2026-07-12,L01,consumer,Category A,4,56.0,completed
T000012,2026-07-12,L01,consumer,Category D,6,54.0,completed
T000013,2026-07-12,L01,consumer,Category D,2,22.0,completed
T000014,2026-07-12,L01,consumer,Category C,6,60.0,completed
T000015,2026-07-12,L01,consumer,Category B,1,12.0,completed
T000016,2026-07-12,L01,consumer,Category A,4,84.0,completed
T000017,2026-07-12,L01,business,Category B,2,48.0,completed
T000018,2026-07-12,L01,consumer,Category A,5,105.0,completed
T000019,2026-07-12,L01,consumer,Category C,1,21.0,completed
T000020,2026-07-12,L01,consumer,Category B,3,72.0,completed
T000021,2026-07-12,L01,consumer,Category C,6,114.0,completed
T000022,2026-07-12,L02,consumer,Category B,6,144.0,completed
T000023,2026-07-12,L02,consumer,Category B,6,48.0,completed
T000024,2026-07-12,L02,consumer,Category B,6,54.0,completed
T000025,2026-07-12,L02,consumer,Category C,3,48.0,completed
T000026,2026-07-12,L02,consumer,Category A,1,19.0,completed
T000027,2026-07-12,L02,consumer,Category A,4,76.0,completed
T000028,2026-07-12,L02,consumer,Category B,1,19.0,completed
T000029,2026-07-12,L02,business,Category C,5,65.0,completed
T000030,2026-07-12,L02,consumer,Category C,5,90.0,completed
T000031,2026-07-12,L02,consumer,Category C,6,90.0,completed
T000032,2026-07-12,L02,business,Category C,5,65.0,completed
T000033,2026-07-12,L02,consumer,Category C,3,33.0,completed
T000034,2026-07-12,L02,consumer,Category B,5,60.0,completed
T000035,2026-07-12,L02,consumer,Category C,6,90.0,completed
T000036,2026-07-12,L02,consumer,Category A,2,28.0,completed
T000037,2026-07-12,L02,consumer,Category B,1,17.0,completed
T000038,2026-07-12,L02,consumer,Category B,5,100.0,completed
T000039,2026-07-12,L02,consumer,Category A,6,54.0,completed
T000040,2026-07-12,L02,consumer,Category C,5,55.0,completed
T000041,2026-07-12,L02,consumer,Category D,4,40.0,completed
T000042,2026-07-12,L02,consumer,Category D,1,17.0,completed
T000043,2026-07-12,L03,consumer,Category B,6,102.0,completed
T000044,2026-07-12,L03,consumer,Category A,3,51.0,completed
T000045,2026-07-12,L03,consumer,Category A,5,125.0,completed
T000046,2026-07-12,L03,consumer,Category D,4,96.0,completed
T000047,2026-07-12,L03,consumer,Category C,4,40.0,completed
T000048,2026-07-12,L03,consumer,Category D,1,24.0,completed
T000049,2026-07-12,L03,consumer,Category A,5,50.0,completed
T000050,2026-07-12,L03,business,Category B,1,12.0,completed
T000051,2026-07-12,L03,consumer,Category D,1,9.0,completed
T000052,2026-07-12,L03,consumer,Category C,5,70.0,completed
T000053,2026-07-12,L03,consumer,Category D,5,110.0,completed
T000054,2026-07-12,L03,consumer,Category C,3,60.0,completed
T000055,2026-07-12,L03,consumer,Category B,4,96.0,completed
T000056,2026-07-12,L03,business,Category D,2,18.0,completed
T000057,2026-07-12,L03,business,Category A,4,100.0,completed
T000058,2026-07-12,L03,consumer,Category A,2,36.0,completed
T000059,2026-07-12,L03,business,Category B,5,45.0,completed
T000060,2026-07-13,L01,consumer,Category D,6,108.0,completed
T000061,2026-07-13,L01,consumer,Category B,3,72.0,completed
T000062,2026-07-13,L01,consumer,Category B,6,60.0,completed
T000063,2026-07-13,L01,consumer,Category A,3,60.0,completed
T000064,2026-07-13,L01,consumer,Category A,2,20.0,completed
T000065,2026-07-13,L01,consumer,Category C,2,46.0,completed
T000066,2026-07-13,L01,consumer,Category C,6,60.0,completed
T000067,2026-07-13,L01,business,Category B,5,80.0,completed
T000068,2026-07-13,L01,business,Category D,5,110.0,completed
T000069,2026-07-13,L01,consumer,Category A,6,114.0,completed
T000070,2026-07-13,L01,consumer,Category C,6,138.0,completed
T000071,2026-07-13,L01,consumer,Category A,6,108.0,completed
T000072,2026-07-13,L01,consumer,Category C,3,75.0,completed
T000073,2026-07-13,L01,consumer,Category D,3,72.0,completed
T000074,2026-07-13,L01,business,Category A,6,96.0,completed
T000075,2026-07-13,L01,consumer,Category C,1,9.0,completed
T000076,2026-07-13,L01,business,Category C,2,38.0,completed
T000077,2026-07-13,L01,consumer,Category A,4,80.0,completed
T000078,2026-07-13,L01,consumer,Category D,4,36.0,completed
T000079,2026-07-13,L02,consumer,Category C,3,75.0,completed
T000080,2026-07-13,L02,business,Category A,3,30.0,completed
T000081,2026-07-13,L02,consumer,Category D,6,78.0,completed
T000082,2026-07-13,L02,consumer,Category D,2,48.0,completed
T000083,2026-07-13,L02,business,Category B,5,95.0,completed
T000084,2026-07-13,L02,consumer,Category C,4,76.0,completed
T000085,2026-07-13,L02,consumer,Category C,4,100.0,completed
T000086,2026-07-13,L02,consumer,Category B,3,45.0,completed
T000087,2026-07-13,L02,consumer,Category A,4,60.0,completed
T000088,2026-07-13,L02,consumer,Category A,4,100.0,completed
T000089,2026-07-13,L02,consumer,Category B,6,96.0,completed
T000090,2026-07-13,L02,consumer,Category A,1,18.0,cancelled
T000091,2026-07-13,L02,consumer,Category C,2,18.0,completed
T000092,2026-07-13,L02,consumer,Category B,2,40.0,completed
T000093,2026-07-13,L02,consumer,Category D,1,9.0,completed
T000094,2026-07-13,L02,consumer,Category B,4,36.0,completed
T000095,2026-07-13,L02,consumer,Category B,5,100.0,completed
T000096,2026-07-13,L02,business,Category B,5,125.0,completed
T000097,2026-07-13,L03,business,Category B,5,80.0,completed
T000098,2026-07-13,L03,business,Category A,2,30.0,completed
T000099,2026-07-13,L03,business,Category C,5,100.0,completed
T000100,2026-07-13,L03,consumer,Category D,5,90.0,completed
T000101,2026-07-13,L03,business,Category D,6,90.0,completed
T000102,2026-07-13,L03,consumer,Category A,1,17.0,completed
T000103,2026-07-13,L03,consumer,Category C,2,36.0,completed
T000104,2026-07-13,L03,consumer,Category D,4,32.0,completed
T000105,2026-07-13,L03,consumer,Category C,3,24.0,completed
T000106,2026-07-13,L03,consumer,Category B,6,60.0,completed
T000107,2026-07-13,L03,consumer,Category B,3,39.0,completed
T000108,2026-07-13,L03,consumer,Category C,5,95.0,completed
T000109,2026-07-14,L01,consumer,Category C,5,85.0,completed
T000110,2026-07-14,L01,business,Category A,6,144.0,completed
T000111,2026-07-14,L01,consumer,Category D,5,90.0,completed
T000112,2026-07-14,L01,consumer,Category C,2,28.0,completed
T000113,2026-07-14,L01,business,Category D,3,42.0,completed
T000114,2026-07-14,L01,consumer,Category B,2,40.0,cancelled
T000115,2026-07-14,L01,consumer,Category D,5,110.0,completed
T000116,2026-07-14,L01,business,Category C,3,27.0,completed
T000117,2026-07-14,L01,consumer,Category B,5,45.0,completed
T000118,2026-07-14,L01,consumer,Category A,3,48.0,completed
T000119,2026-07-14,L01,consumer,Category C,1,22.0,completed
T000120,2026-07-14,L01,consumer,Category D,1,22.0,completed
T000121,2026-07-14,L01,consumer,Category B,6,78.0,completed
T000122,2026-07-14,L01,consumer,Category D,5,110.0,completed
T000123,2026-07-14,L01,consumer,Category B,6,144.0,completed
T000124,2026-07-14,L01,business,Category A,5,85.0,completed
T000125,2026-07-14,L01,consumer,Category A,1,9.0,completed
T000126,2026-07-14,L01,consumer,Category D,2,34.0,completed
T000127,2026-07-14,L01,consumer,Category B,1,23.0,completed
T000128,2026-07-14,L01,consumer,Category B,6,132.0,completed
T000129,2026-07-14,L01,consumer,Category C,6,114.0,completed
T000130,2026-07-14,L02,consumer,Category C,5,95.0,completed
T000131,2026-07-14,L02,consumer,Category B,2,26.0,completed
T000132,2026-07-14,L02,consumer,Category A,5,80.0,completed
T000133,2026-07-14,L02,consumer,Category C,6,48.0,completed
T000134,2026-07-14,L02,consumer,Category C,2,24.0,completed
T000135,2026-07-14,L02,consumer,Category D,3,45.0,completed
T000136,2026-07-14,L02,consumer,Category D,4,44.0,completed
T000137,2026-07-14,L02,consumer,Category C,1,20.0,completed
T000138,2026-07-14,L02,consumer,Category B,2,46.0,completed
T000139,2026-07-14,L02,consumer,Category A,6,138.0,completed
T000140,2026-07-14,L02,consumer,Category A,6,96.0,completed
T000141,2026-07-14,L02,consumer,Category C,3,54.0,completed
T000142,2026-07-14,L02,consumer,Category B,3,36.0,completed
T000143,2026-07-14,L02,consumer,Category C,1,19.0,completed
T000144,2026-07-14,L02,consumer,Category B,2,26.0,completed
T000145,2026-07-14,L02,consumer,Category D,1,8.0,completed
T000146,2026-07-14,L02,consumer,Category A,5,105.0,completed
T000147,2026-07-14,L02,business,Category B,3,24.0,completed
T000148,2026-07-14,L02,business,Category D,4,48.0,completed
T000149,2026-07-14,L02,consumer,Category B,5,75.0,completed
T000150,2026-07-14,L03,consumer,Category D,3,48.0,completed
T000151,2026-07-14,L03,consumer,Category D,5,100.0,cancelled
T000152,2026-07-14,L03,consumer,Category B,5,50.0,completed
T000153,2026-07-14,L03,consumer,Category B,2,48.0,completed
T000154,2026-07-14,L03,business,Category A,6,102.0,completed
T000155,2026-07-14,L03,consumer,Category A,5,50.0,completed
T000156,2026-07-14,L03,consumer,Category A,2,44.0,completed
T000157,2026-07-14,L03,business,Category C,5,85.0,completed
T000158,2026-07-14,L03,consumer,Category B,3,45.0,completed
T000159,2026-07-14,L03,consumer,Category A,4,92.0,completed
T000160,2026-07-14,L03,consumer,Category C,2,28.0,completed
T000161,2026-07-14,L03,business,Category C,5,105.0,completed
T000162,2026-07-14,L03,consumer,Category D,1,12.0,completed
T000163,2026-07-14,L03,consumer,Category C,3,63.0,completed
T000164,2026-07-14,L03,consumer,Category D,6,54.0,completed
T000165,2026-07-14,L03,consumer,Category B,2,44.0,completed
T000166,2026-07-14,L03,consumer,Category B,3,24.0,completed
T000167,2026-07-14,L03,consumer,Category B,1,22.0,completed
T000168,2026-07-14,L03,business,Category C,3,60.0,completed
T000169,2026-07-15,L01,business,Category D,3,51.0,completed
T000170,2026-07-15,L01,business,Category B,3,42.0,cancelled
T000171,2026-07-15,L01,consumer,Category C,6,138.0,completed
T000172,2026-07-15,L01,consumer,Category D,1,14.0,completed
T000173,2026-07-15,L01,business,Category A,6,138.0,completed
T000174,2026-07-15,L01,consumer,Category A,5,80.0,completed
T000175,2026-07-15,L01,consumer,Category A,5,125.0,completed
T000176,2026-07-15,L01,consumer,Category B,5,125.0,completed
T000177,2026-07-15,L01,consumer,Category B,1,24.0,completed
T000178,2026-07-15,L01,business,Category A,4,80.0,completed
T000179,2026-07-15,L01,business,Category B,5,120.0,completed
T000180,2026-07-15,L01,consumer,Category B,5,60.0,completed
T000181,2026-07-15,L01,consumer,Category A,3,42.0,cancelled
T000182,2026-07-15,L01,business,Category B,5,95.0,completed
T000183,2026-07-15,L02,consumer,Category A,4,88.0,completed
T000184,2026-07-15,L02,consumer,Category C,6,96.0,completed
T000185,2026-07-15,L02,business,Category A,3,69.0,completed
T000186,2026-07-15,L02,consumer,Category A,2,22.0,completed
T000187,2026-07-15,L02,consumer,Category A,2,44.0,completed
T000188,2026-07-15,L02,consumer,Category A,4,76.0,completed
T000189,2026-07-15,L02,consumer,Category D,6,120.0,completed
T000190,2026-07-15,L02,consumer,Category B,1,21.0,cancelled
T000191,2026-07-15,L02,consumer,Category D,5,125.0,completed
T000192,2026-07-15,L02,business,Category B,6,144.0,completed
T000193,2026-07-15,L02,consumer,Category D,2,36.0,completed
T000194,2026-07-15,L02,business,Category B,4,48.0,completed
T000195,2026-07-15,L02,business,Category D,5,60.0,completed
T000196,2026-07-15,L02,consumer,Category C,1,19.0,completed
T000197,2026-07-15,L02,consumer,Category B,5,85.0,cancelled
T000198,2026-07-15,L02,consumer,Category D,4,96.0,cancelled
T000199,2026-07-15,L02,consumer,Category D,2,30.0,completed
T000200,2026-07-15,L02,consumer,Category B,6,60.0,completed
T000201,2026-07-15,L03,consumer,Category A,6,84.0,completed
T000202,2026-07-15,L03,consumer,Category D,5,100.0,completed
T000203,2026-07-15,L03,consumer,Category D,1,11.0,completed
T000204,2026-07-15,L03,consumer,Category A,2,48.0,completed
T000205,2026-07-15,L03,consumer,Category B,3,27.0,completed
T000206,2026-07-15,L03,consumer,Category A,4,36.0,completed
T000207,2026-07-15,L03,consumer,Category B,2,32.0,completed
T000208,2026-07-15,L03,consumer,Category C,4,68.0,completed
T000209,2026-07-15,L03,consumer,Category D,3,63.0,cancelled
T000210,2026-07-15,L03,consumer,Category B,3,54.0,completed
T000211,2026-07-15,L03,consumer,Category C,3,60.0,completed
T000212,2026-07-15,L03,consumer,Category C,4,100.0,completed
T000213,2026-07-15,L03,consumer,Category D,4,56.0,completed
T000214,2026-07-15,L03,consumer,Category D,3,57.0,completed
T000215,2026-07-15,L03,consumer,Category A,4,100.0,completed
T000216,2026-07-15,L03,consumer,Category D,6,144.0,completed
T000217,2026-07-15,L03,consumer,Category B,3,54.0,completed
T000218,2026-07-15,L03,consumer,Category C,6,84.0,completed
T000219,2026-07-16,L01,business,Category A,6,132.0,completed
T000220,2026-07-16,L01,consumer,Category D,3,66.0,completed
T000221,2026-07-16,L01,consumer,Category A,4,32.0,completed
T000222,2026-07-16,L01,consumer,Category D,2,26.0,completed
T000223,2026-07-16,L01,consumer,Category B,1,25.0,completed
T000224,2026-07-16,L01,consumer,Category B,3,33.0,completed
T000225,2026-07-16,L01,consumer,Category A,6,138.0,completed
T000226,2026-07-16,L01,consumer,Category B,6,102.0,completed
T000227,2026-07-16,L01,consumer,Category B,1,19.0,completed
T000228,2026-07-16,L01,consumer,Category C,3,33.0,completed
T000229,2026-07-16,L01,consumer,Category B,2,36.0,completed
T000230,2026-07-16,L01,consumer,Category C,1,14.0,completed
T000231,2026-07-16,L01,consumer,Category A,6,66.0,completed
T000232,2026-07-16,L01,consumer,Category C,5,120.0,completed
T000233,2026-07-16,L01,consumer,Category A,6,60.0,completed
T000234,2026-07-16,L01,consumer,Category D,3,27.0,completed
T000235,2026-07-16,L01,consumer,Category B,6,144.0,completed
T000236,2026-07-16,L02,consumer,Category B,4,32.0,completed
T000237,2026-07-16,L02,consumer,Category B,4,96.0,completed
T000238,2026-07-16,L02,business,Category C,1,10.0,completed
T000239,2026-07-16,L02,consumer,Category D,3,72.0,completed
T000240,2026-07-16,L02,consumer,Category C,2,44.0,completed
T000241,2026-07-16,L02,consumer,Category D,3,36.0,completed
T000242,2026-07-16,L02,consumer,Category A,2,24.0,completed
T000243,2026-07-16,L02,consumer,Category A,4,88.0,completed
T000244,2026-07-16,L02,consumer,Category B,6,138.0,completed
T000245,2026-07-16,L02,consumer,Category D,6,138.0,completed
T000246,2026-07-16,L02,consumer,Category A,3,72.0,cancelled
T000247,2026-07-16,L02,consumer,Category C,5,40.0,completed
T000248,2026-07-16,L02,consumer,Category B,3,75.0,completed
T000249,2026-07-16,L02,consumer,Category C,3,60.0,completed
T000250,2026-07-16,L02,business,Category D,3,33.0,completed
T000251,2026-07-16,L02,consumer,Category D,2,18.0,completed
T000252,2026-07-16,L02,consumer,Category D,4,44.0,completed
T000253,2026-07-16,L02,consumer,Category D,2,32.0,completed
T000254,2026-07-16,L02,consumer,Category A,5,60.0,completed
T000255,2026-07-16,L03,consumer,Category A,3,33.0,completed
T000256,2026-07-16,L03,consumer,Category C,4,44.0,completed
T000257,2026-07-16,L03,consumer,Category B,5,110.0,completed
T000258,2026-07-16,L03,consumer,Category A,2,32.0,completed
T000259,2026-07-16,L03,consumer,Category B,6,108.0,completed
T000260,2026-07-16,L03,consumer,Category B,4,88.0,completed
T000261,2026-07-16,L03,consumer,Category D,5,95.0,completed
T000262,2026-07-16,L03,business,Category B,2,28.0,completed
T000263,2026-07-16,L03,consumer,Category A,1,22.0,completed
T000264,2026-07-16,L03,business,Category A,4,56.0,cancelled
T000265,2026-07-16,L03,consumer,Category C,2,30.0,completed
T000266,2026-07-16,L03,consumer,Category A,6,90.0,completed
T000267,2026-07-16,L03,consumer,Category D,2,48.0,completed
T000268,2026-07-16,L03,consumer,Category D,2,26.0,completed
T000269,2026-07-16,L03,consumer,Category C,1,16.0,cancelled
T000270,2026-07-17,L01,consumer,Category A,3,30.0,completed
T000271,2026-07-17,L01,business,Category D,1,17.0,completed
T000272,2026-07-17,L01,consumer,Category C,6,102.0,completed
T000273,2026-07-17,L01,consumer,Category B,1,22.0,completed
T000274,2026-07-17,L01,consumer,Category A,3,60.0,completed
T000275,2026-07-17,L01,consumer,Category A,3,24.0,completed
T000276,2026-07-17,L01,consumer,Category B,6,102.0,completed
T000277,2026-07-17,L01,business,Category C,2,48.0,completed
T000278,2026-07-17,L01,consumer,Category B,4,48.0,completed
T000279,2026-07-17,L01,business,Category B,3,45.0,completed
T000280,2026-07-17,L01,business,Category A,4,32.0,completed
T000281,2026-07-17,L01,consumer,Category A,5,95.0,completed
T000282,2026-07-17,L01,business,Category D,5,95.0,completed
T000283,2026-07-17,L01,consumer,Category A,2,40.0,completed
T000284,2026-07-17,L01,consumer,Category A,4,44.0,completed
T000285,2026-07-17,L01,consumer,Category D,1,9.0,completed
T000286,2026-07-17,L01,consumer,Category D,5,125.0,completed
T000287,2026-07-17,L01,consumer,Category D,2,30.0,completed
T000288,2026-07-17,L01,consumer,Category D,1,17.0,completed
T000289,2026-07-17,L01,consumer,Category C,1,18.0,completed
T000290,2026-07-17,L01,consumer,Category B,3,72.0,completed
T000291,2026-07-17,L02,consumer,Category D,4,36.0,completed
T000292,2026-07-17,L02,consumer,Category B,4,56.0,completed
T000293,2026-07-17,L02,business,Category B,3,36.0,completed
T000294,2026-07-17,L02,business,Category A,4,36.0,completed
T000295,2026-07-17,L02,consumer,Category D,6,84.0,completed
T000296,2026-07-17,L02,consumer,Category D,3,30.0,completed
T000297,2026-07-17,L02,business,Category C,2,34.0,completed
T000298,2026-07-17,L02,consumer,Category C,6,48.0,completed
T000299,2026-07-17,L02,consumer,Category C,2,30.0,completed
T000300,2026-07-17,L02,business,Category C,1,16.0,completed
T000301,2026-07-17,L02,business,Category C,1,15.0,completed
T000302,2026-07-17,L02,consumer,Category C,6,72.0,completed
T000303,2026-07-17,L02,consumer,Category D,3,57.0,completed
T000304,2026-07-17,L02,consumer,Category A,6,150.0,completed
T000305,2026-07-17,L03,business,Category A,3,75.0,completed
T000306,2026-07-17,L03,consumer,Category A,2,26.0,completed
T000307,2026-07-17,L03,consumer,Category C,3,39.0,completed
T000308,2026-07-17,L03,business,Category A,4,32.0,completed
T000309,2026-07-17,L03,business,Category B,1,8.0,completed
T000310,2026-07-17,L03,consumer,Category C,1,18.0,completed
T000311,2026-07-17,L03,consumer,Category A,5,85.0,completed
T000312,2026-07-17,L03,consumer,Category A,1,21.0,completed
T000313,2026-07-17,L03,business,Category B,1,13.0,completed
T000314,2026-07-17,L03,consumer,Category A,1,9.0,completed
T000315,2026-07-17,L03,business,Category A,4,48.0,completed
T000316,2026-07-17,L03,consumer,Category A,3,27.0,completed
T000317,2026-07-17,L03,consumer,Category D,3,45.0,completed
T000318,2026-07-17,L03,business,Category B,5,60.0,completed
T000319,2026-07-18,L01,consumer,Category C,1,18.0,completed
T000320,2026-07-18,L01,consumer,Category B,5,65.0,cancelled
T000321,2026-07-18,L01,consumer,Category A,5,120.0,completed
T000322,2026-07-18,L01,consumer,Category B,3,72.0,completed
T000323,2026-07-18,L01,consumer,Category D,4,40.0,completed
T000324,2026-07-18,L01,consumer,Category D,4,32.0,completed
T000325,2026-07-18,L01,consumer,Category D,6,126.0,completed
T000326,2026-07-18,L01,consumer,Category C,5,70.0,completed
T000327,2026-07-18,L01,consumer,Category A,1,14.0,completed
T000328,2026-07-18,L01,consumer,Category A,2,24.0,completed
T000329,2026-07-18,L01,consumer,Category C,6,114.0,completed
T000330,2026-07-18,L01,consumer,Category B,3,45.0,completed
T000331,2026-07-18,L01,consumer,Category B,6,114.0,completed
T000332,2026-07-18,L01,business,Category C,6,48.0,completed
T000333,2026-07-18,L02,consumer,Category C,2,32.0,cancelled
T000334,2026-07-18,L02,consumer,Category D,6,66.0,completed
T000335,2026-07-18,L02,consumer,Category C,2,36.0,completed
T000336,2026-07-18,L02,consumer,Category B,5,80.0,completed
T000337,2026-07-18,L02,business,Category D,6,90.0,completed
T000338,2026-07-18,L02,consumer,Category C,5,105.0,completed
T000339,2026-07-18,L02,consumer,Category C,2,24.0,completed
T000340,2026-07-18,L02,business,Category B,3,24.0,completed
T000341,2026-07-18,L02,consumer,Category C,5,95.0,completed
T000342,2026-07-18,L02,business,Category C,3,30.0,completed
T000343,2026-07-18,L02,consumer,Category C,3,48.0,completed
T000344,2026-07-18,L02,consumer,Category D,3,48.0,completed
T000345,2026-07-18,L02,consumer,Category A,4,40.0,completed
T000346,2026-07-18,L02,consumer,Category D,3,57.0,completed
T000347,2026-07-18,L03,consumer,Category B,1,22.0,completed
T000348,2026-07-18,L03,consumer,Category D,5,75.0,completed
T000349,2026-07-18,L03,consumer,Category A,2,18.0,completed
T000350,2026-07-18,L03,consumer,Category B,1,23.0,completed
T000351,2026-07-18,L03,consumer,Category C,6,66.0,completed
T000352,2026-07-18,L03,consumer,Category C,6,108.0,completed
T000353,2026-07-18,L03,consumer,Category A,2,28.0,completed
T000354,2026-07-18,L03,business,Category D,5,75.0,completed
T000355,2026-07-18,L03,consumer,Category A,3,30.0,completed
T000356,2026-07-18,L03,consumer,Category D,5,125.0,completed
T000357,2026-07-18,L03,business,Category C,2,40.0,completed
T000358,2026-07-18,L03,consumer,Category D,5,105.0,cancelled
T000359,2026-07-18,L03,consumer,Category C,3,57.0,completed
T000360,2026-07-18,L03,consumer,Category B,6,126.0,cancelled
T000361,2026-07-18,L03,business,Category C,6,150.0,completed
T000362,2026-07-18,L03,consumer,Category D,3,66.0,completed
T000363,2026-07-18,L03,consumer,Category C,3,48.0,completed
T000364,2026-07-18,L03,consumer,Category D,1,12.0,completed
T000365,2026-07-19,L01,consumer,Category D,6,60.0,completed
T000366,2026-07-19,L01,consumer,Category C,3,63.0,completed
T000367,2026-07-19,L01,consumer,Category B,5,45.0,completed
T000368,2026-07-19,L01,consumer,Category B,2,32.0,completed
T000369,2026-07-19,L01,consumer,Category C,4,48.0,completed
T000370,2026-07-19,L01,consumer,Category A,6,66.0,completed
T000371,2026-07-19,L01,consumer,Category D,5,65.0,completed
T000372,2026-07-19,L01,consumer,Category D,5,110.0,completed
T000373,2026-07-19,L01,consumer,Category B,6,72.0,completed
T000374,2026-07-19,L01,consumer,Category A,2,26.0,completed
T000375,2026-07-19,L01,consumer,Category A,6,66.0,completed
T000376,2026-07-19,L01,consumer,Category C,5,115.0,completed
T000377,2026-07-19,L01,consumer,Category A,1,17.0,completed
T000378,2026-07-19,L01,consumer,Category A,6,150.0,completed
T000379,2026-07-19,L01,business,Category D,2,22.0,completed
T000380,2026-07-19,L01,business,Category C,3,63.0,completed
T000381,2026-07-19,L01,consumer,Category C,2,48.0,completed
T000382,2026-07-19,L01,consumer,Category C,4,84.0,completed
T000383,2026-07-19,L01,consumer,Category C,4,52.0,completed
T000384,2026-07-19,L01,consumer,Category D,4,48.0,completed
T000385,2026-07-19,L01,consumer,Category A,2,16.0,cancelled
T000386,2026-07-19,L02,consumer,Category B,5,55.0,completed
T000387,2026-07-19,L02,consumer,Category D,6,114.0,completed
T000388,2026-07-19,L02,business,Category C,6,150.0,completed
T000389,2026-07-19,L02,consumer,Category A,4,100.0,completed
T000390,2026-07-19,L02,consumer,Category B,4,88.0,completed
T000391,2026-07-19,L02,consumer,Category C,4,72.0,completed
T000392,2026-07-19,L02,consumer,Category D,4,56.0,completed
T000393,2026-07-19,L02,consumer,Category D,5,55.0,completed
T000394,2026-07-19,L02,consumer,Category A,6,108.0,completed
T000395,2026-07-19,L02,consumer,Category D,6,54.0,completed
T000396,2026-07-19,L02,consumer,Category B,4,56.0,completed
T000397,2026-07-19,L02,consumer,Category D,4,56.0,completed
T000398,2026-07-19,L02,consumer,Category A,1,15.0,completed
T000399,2026-07-19,L02,consumer,Category C,4,88.0,completed
T000400,2026-07-19,L02,consumer,Category B,1,24.0,completed
T000401,2026-07-19,L02,consumer,Category C,6,150.0,completed
T000402,2026-07-19,L02,consumer,Category D,3,36.0,completed
T000403,2026-07-19,L02,business,Category A,3,57.0,completed
T000404,2026-07-19,L02,business,Category B,1,17.0,completed
T000405,2026-07-19,L03,consumer,Category B,6,90.0,completed
T000406,2026-07-19,L03,consumer,Category C,6,54.0,completed
T000407,2026-07-19,L03,consumer,Category A,5,120.0,completed
T000408,2026-07-19,L03,business,Category A,5,70.0,completed
T000409,2026-07-19,L03,consumer,Category A,1,19.0,completed
T000410,2026-07-19,L03,consumer,Category A,5,45.0,cancelled
T000411,2026-07-19,L03,consumer,Category A,3,69.0,completed
T000412,2026-07-19,L03,consumer,Category A,3,48.0,completed
T000413,2026-07-19,L03,business,Category B,2,18.0,completed
T000414,2026-07-19,L03,consumer,Category C,5,90.0,completed
T000415,2026-07-19,L03,business,Category B,3,75.0,completed
T000416,2026-07-19,L03,business,Category A,5,85.0,completed
T000417,2026-07-19,L03,consumer,Category D,1,23.0,completed
T000418,2026-07-19,L03,consumer,Category A,5,115.0,completed
T000419,2026-07-19,L03,consumer,Category D,6,126.0,completed
T000420,2026-07-19,L03,consumer,Category A,4,64.0,completed
T000421,2026-07-20,L01,consumer,Category A,3,48.0,completed
T000422,2026-07-20,L01,consumer,Category D,4,100.0,completed
T000423,2026-07-20,L01,business,Category A,6,90.0,completed
T000424,2026-07-20,L01,consumer,Category A,4,40.0,completed
T000425,2026-07-20,L01,business,Category A,3,24.0,completed
T000426,2026-07-20,L01,consumer,Category C,5,80.0,completed
T000427,2026-07-20,L01,consumer,Category B,3,72.0,completed
T000428,2026-07-20,L01,consumer,Category D,1,16.0,completed
T000429,2026-07-20,L01,consumer,Category C,2,46.0,completed
T000430,2026-07-20,L01,business,Category C,5,85.0,completed
T000431,2026-07-20,L01,consumer,Category A,5,120.0,completed
T000432,2026-07-20,L01,consumer,Category C,3,36.0,completed
T000433,2026-07-20,L01,consumer,Category A,5,45.0,completed
T000434,2026-07-20,L01,consumer,Category C,1,12.0,completed
T000435,2026-07-20,L01,consumer,Category A,4,52.0,completed
T000436,2026-07-20,L01,consumer,Category C,5,80.0,cancelled
T000437,2026-07-20,L01,consumer,Category A,5,70.0,completed
T000438,2026-07-20,L01,consumer,Category C,5,55.0,completed
T000439,2026-07-20,L01,business,Category D,4,84.0,completed
T000440,2026-07-20,L01,business,Category B,4,44.0,completed
T000441,2026-07-20,L01,consumer,Category D,4,100.0,completed
T000442,2026-07-20,L02,consumer,Category A,4,80.0,completed
T000443,2026-07-20,L02,consumer,Category B,6,126.0,completed
T000444,2026-07-20,L02,consumer,Category D,4,64.0,completed
T000445,2026-07-20,L02,consumer,Category B,1,12.0,completed
T000446,2026-07-20,L02,business,Category A,4,80.0,completed
T000447,2026-07-20,L02,consumer,Category C,6,108.0,completed
T000448,2026-07-20,L02,consumer,Category A,3,66.0,completed
T000449,2026-07-20,L02,business,Category B,6,84.0,completed
T000450,2026-07-20,L02,consumer,Category A,2,24.0,completed
T000451,2026-07-20,L02,consumer,Category D,2,50.0,completed
T000452,2026-07-20,L02,business,Category B,2,32.0,completed
T000453,2026-07-20,L02,consumer,Category A,2,36.0,completed
T000454,2026-07-20,L02,consumer,Category B,5,55.0,completed
T000455,2026-07-20,L02,consumer,Category A,4,68.0,completed
T000456,2026-07-20,L02,consumer,Category A,5,40.0,completed
T000457,2026-07-20,L02,consumer,Category B,4,84.0,completed
T000458,2026-07-20,L02,business,Category C,2,20.0,completed
T000459,2026-07-20,L03,consumer,Category A,3,42.0,completed
T000460,2026-07-20,L03,consumer,Category A,5,60.0,completed
T000461,2026-07-20,L03,consumer,Category B,2,32.0,completed
T000462,2026-07-20,L03,consumer,Category C,5,110.0,completed
T000463,2026-07-20,L03,business,Category C,2,26.0,completed
T000464,2026-07-20,L03,consumer,Category B,2,16.0,completed
T000465,2026-07-20,L03,consumer,Category A,6,54.0,completed
T000466,2026-07-20,L03,business,Category D,2,18.0,completed
T000467,2026-07-20,L03,consumer,Category D,1,15.0,completed
T000468,2026-07-20,L03,consumer,Category D,3,30.0,completed
T000469,2026-07-20,L03,consumer,Category C,3,69.0,completed
T000470,2026-07-20,L03,consumer,Category A,4,32.0,completed
T000471,2026-07-20,L03,consumer,Category A,6,126.0,completed
T000472,2026-07-20,L03,consumer,Category B,3,24.0,cancelled
T000473,2026-07-21,L01,business,Category C,1,13.0,completed
T000474,2026-07-21,L01,consumer,Category D,5,75.0,completed
T000475,2026-07-21,L01,business,Category A,4,60.0,cancelled
T000476,2026-07-21,L01,consumer,Category A,3,54.0,completed
T000477,2026-07-21,L01,consumer,Category B,3,45.0,completed
T000478,2026-07-21,L01,consumer,Category C,6,150.0,completed
T000479,2026-07-21,L01,consumer,Category B,5,100.0,completed
T000480,2026-07-21,L01,consumer,Category D,5,85.0,completed
T000481,2026-07-21,L01,business,Category A,6,96.0,completed
T000482,2026-07-21,L01,consumer,Category B,1,23.0,completed
T000483,2026-07-21,L01,consumer,Category B,6,144.0,completed
T000484,2026-07-21,L01,business,Category A,5,55.0,completed
T000485,2026-07-21,L01,business,Category B,2,18.0,completed
T000486,2026-07-21,L01,business,Category D,4,88.0,completed
T000487,2026-07-21,L01,consumer,Category D,6,114.0,completed
T000488,2026-07-21,L01,consumer,Category C,2,26.0,completed
T000489,2026-07-21,L01,consumer,Category C,2,44.0,completed
T000490,2026-07-21,L01,consumer,Category B,5,100.0,completed
T000491,2026-07-21,L01,consumer,Category B,3,72.0,completed
T000492,2026-07-21,L01,consumer,Category B,5,55.0,completed
T000493,2026-07-21,L01,consumer,Category C,4,68.0,completed
T000494,2026-07-21,L02,consumer,Category B,3,33.0,completed
T000495,2026-07-21,L02,consumer,Category B,6,126.0,completed
T000496,2026-07-21,L02,consumer,Category B,4,100.0,completed
T000497,2026-07-21,L02,consumer,Category B,5,75.0,completed
T000498,2026-07-21,L02,consumer,Category D,3,51.0,completed
T000499,2026-07-21,L02,consumer,Category B,2,34.0,completed
T000500,2026-07-21,L02,consumer,Category D,3,75.0,completed
T000501,2026-07-21,L02,consumer,Category A,4,60.0,completed
T000502,2026-07-21,L02,consumer,Category A,1,23.0,completed
T000503,2026-07-21,L02,consumer,Category A,3,51.0,completed
T000504,2026-07-21,L02,business,Category D,6,60.0,completed
T000505,2026-07-21,L02,consumer,Category A,6,48.0,completed
T000506,2026-07-21,L02,consumer,Category C,5,110.0,completed
T000507,2026-07-21,L02,consumer,Category C,2,32.0,completed
T000508,2026-07-21,L02,consumer,Category C,3,75.0,completed
T000509,2026-07-21,L03,consumer,Category C,1,9.0,completed
T000510,2026-07-21,L03,consumer,Category C,2,34.0,completed
T000511,2026-07-21,L03,consumer,Category D,6,120.0,completed
T000512,2026-07-21,L03,business,Category C,3,69.0,cancelled
T000513,2026-07-21,L03,consumer,Category B,4,44.0,completed
T000514,2026-07-21,L03,consumer,Category D,3,66.0,completed
T000515,2026-07-21,L03,consumer,Category B,2,18.0,completed
T000516,2026-07-21,L03,business,Category A,4,84.0,completed
T000517,2026-07-21,L03,consumer,Category B,6,114.0,completed
T000518,2026-07-21,L03,business,Category A,2,46.0,completed
T000519,2026-07-21,L03,consumer,Category C,3,36.0,completed
T000520,2026-07-21,L03,consumer,Category B,2,16.0,completed
T000521,2026-07-21,L03,consumer,Category B,3,27.0,completed
T000522,2026-07-21,L03,consumer,Category C,1,12.0,completed
T000523,2026-07-22,L01,consumer,Category A,4,44.0,completed
T000524,2026-07-22,L01,consumer,Category D,3,27.0,completed
T000525,2026-07-22,L01,consumer,Category D,2,48.0,completed
T000526,2026-07-22,L01,consumer,Category B,1,9.0,completed
T000527,2026-07-22,L01,consumer,Category C,5,90.0,completed
T000528,2026-07-22,L01,consumer,Category B,4,48.0,completed
T000529,2026-07-22,L01,consumer,Category D,1,9.0,completed
T000530,2026-07-22,L01,consumer,Category D,2,44.0,completed
T000531,2026-07-22,L01,consumer,Category D,3,63.0,completed
T000532,2026-07-22,L01,consumer,Category D,6,48.0,cancelled
T000533,2026-07-22,L01,consumer,Category A,5,60.0,completed
T000534,2026-07-22,L01,consumer,Category B,3,72.0,completed
T000535,2026-07-22,L01,consumer,Category B,2,24.0,completed
T000536,2026-07-22,L01,consumer,Category C,2,22.0,completed
T000537,2026-07-22,L01,business,Category C,6,126.0,completed
T000538,2026-07-22,L01,consumer,Category A,2,36.0,completed
T000539,2026-07-22,L01,consumer,Category A,3,48.0,completed
T000540,2026-07-22,L01,consumer,Category A,3,51.0,completed
T000541,2026-07-22,L01,consumer,Category B,3,45.0,completed
T000542,2026-07-22,L01,consumer,Category D,1,14.0,cancelled
T000543,2026-07-22,L02,consumer,Category A,4,76.0,completed
T000544,2026-07-22,L02,business,Category C,1,8.0,completed
T000545,2026-07-22,L02,consumer,Category C,2,36.0,completed
T000546,2026-07-22,L02,consumer,Category B,6,108.0,completed
T000547,2026-07-22,L02,consumer,Category B,3,33.0,completed
T000548,2026-07-22,L02,consumer,Category B,2,48.0,completed
T000549,2026-07-22,L02,consumer,Category C,6,96.0,completed
T000550,2026-07-22,L02,consumer,Category B,6,102.0,completed
T000551,2026-07-22,L02,consumer,Category C,6,84.0,completed
T000552,2026-07-22,L02,consumer,Category B,3,51.0,completed
T000553,2026-07-22,L02,consumer,Category B,6,96.0,completed
T000554,2026-07-22,L02,consumer,Category B,6,132.0,completed
T000555,2026-07-22,L02,consumer,Category A,3,69.0,completed
T000556,2026-07-22,L02,business,Category D,1,17.0,completed
T000557,2026-07-22,L02,consumer,Category B,1,22.0,completed
T000558,2026-07-22,L02,consumer,Category C,4,92.0,completed
T000559,2026-07-22,L02,consumer,Category A,3,42.0,completed
T000560,2026-07-22,L02,consumer,Category B,2,26.0,completed
T000561,2026-07-22,L02,business,Category D,1,21.0,completed
T000562,2026-07-22,L03,consumer,Category C,5,75.0,completed
T000563,2026-07-22,L03,consumer,Category A,6,144.0,completed
T000564,2026-07-22,L03,business,Category B,1,15.0,completed
T000565,2026-07-22,L03,consumer,Category C,3,42.0,completed
T000566,2026-07-22,L03,consumer,Category B,6,150.0,completed
T000567,2026-07-22,L03,consumer,Category C,5,65.0,cancelled
T000568,2026-07-22,L03,consumer,Category A,3,36.0,cancelled
T000569,2026-07-22,L03,business,Category C,5,65.0,completed
T000570,2026-07-22,L03,consumer,Category A,2,42.0,completed
T000571,2026-07-22,L03,consumer,Category A,1,17.0,completed
T000572,2026-07-22,L03,consumer,Category D,3,39.0,completed
T000573,2026-07-22,L03,consumer,Category A,4,84.0,completed
T000574,2026-07-22,L03,consumer,Category A,1,19.0,completed
T000575,2026-07-22,L03,business,Category D,2,38.0,completed
T000576,2026-07-23,L01,consumer,Category B,2,18.0,completed
T000577,2026-07-23,L01,consumer,Category D,6,90.0,completed
T000578,2026-07-23,L01,business,Category D,5,55.0,completed
T000579,2026-07-23,L01,consumer,Category A,5,65.0,completed
T000580,2026-07-23,L01,business,Category D,3,33.0,completed
T000581,2026-07-23,L01,business,Category C,6,84.0,completed
T000582,2026-07-23,L01,consumer,Category C,1,24.0,completed
T000583,2026-07-23,L01,consumer,Category C,1,16.0,completed
T000584,2026-07-23,L01,consumer,Category C,1,24.0,completed
T000585,2026-07-23,L01,consumer,Category A,5,60.0,completed
T000586,2026-07-23,L01,consumer,Category B,4,52.0,completed
T000587,2026-07-23,L01,consumer,Category A,3,51.0,completed
T000588,2026-07-23,L01,consumer,Category C,6,78.0,completed
T000589,2026-07-23,L01,consumer,Category D,6,48.0,completed
T000590,2026-07-23,L01,consumer,Category C,5,105.0,completed
T000591,2026-07-23,L01,consumer,Category D,1,24.0,completed
T000592,2026-07-23,L02,consumer,Category B,3,72.0,completed
T000593,2026-07-23,L02,consumer,Category A,6,108.0,completed
T000594,2026-07-23,L02,consumer,Category D,6,72.0,completed
T000595,2026-07-23,L02,consumer,Category B,6,144.0,completed
T000596,2026-07-23,L02,consumer,Category B,5,45.0,completed
T000597,2026-07-23,L02,consumer,Category A,1,11.0,completed
T000598,2026-07-23,L02,business,Category B,6,138.0,completed
T000599,2026-07-23,L02,business,Category D,6,102.0,completed
T000600,2026-07-23,L02,consumer,Category D,1,20.0,completed
T000601,2026-07-23,L02,consumer,Category C,2,32.0,completed
T000602,2026-07-23,L02,consumer,Category B,4,80.0,completed
T000603,2026-07-23,L02,consumer,Category D,6,72.0,completed
T000604,2026-07-23,L02,consumer,Category B,4,100.0,completed
T000605,2026-07-23,L02,consumer,Category D,4,80.0,completed
T000606,2026-07-23,L03,consumer,Category B,5,60.0,completed
T000607,2026-07-23,L03,consumer,Category C,4,88.0,completed
T000608,2026-07-23,L03,consumer,Category A,4,52.0,completed
T000609,2026-07-23,L03,consumer,Category B,3,60.0,completed
T000610,2026-07-23,L03,consumer,Category C,4,68.0,completed
T000611,2026-07-23,L03,consumer,Category A,1,13.0,completed
T000612,2026-07-23,L03,consumer,Category D,6,78.0,completed
T000613,2026-07-23,L03,consumer,Category C,1,22.0,completed
T000614,2026-07-23,L03,business,Category C,5,60.0,completed
T000615,2026-07-23,L03,consumer,Category C,3,27.0,completed
T000616,2026-07-23,L03,consumer,Category B,1,18.0,completed
T000617,2026-07-23,L03,business,Category A,2,16.0,completed
T000618,2026-07-23,L03,consumer,Category A,3,69.0,completed
T000619,2026-07-23,L03,consumer,Category C,5,55.0,completed
T000620,2026-07-24,L01,consumer,Category D,2,24.0,completed
T000621,2026-07-24,L01,consumer,Category D,2,38.0,cancelled
T000622,2026-07-24,L01,consumer,Category A,4,60.0,completed
T000623,2026-07-24,L01,consumer,Category B,3,36.0,completed
T000624,2026-07-24,L01,business,Category B,1,24.0,completed
T000625,2026-07-24,L01,consumer,Category B,3,63.0,completed
T000626,2026-07-24,L01,consumer,Category B,3,33.0,completed
T000627,2026-07-24,L01,consumer,Category A,6,48.0,completed
T000628,2026-07-24,L01,consumer,Category D,1,11.0,completed
T000629,2026-07-24,L01,business,Category D,5,110.0,completed
T000630,2026-07-24,L01,consumer,Category A,5,40.0,completed
T000631,2026-07-24,L01,business,Category C,4,68.0,completed
T000632,2026-07-24,L01,consumer,Category B,2,38.0,cancelled
T000633,2026-07-24,L01,consumer,Category A,2,40.0,completed
T000634,2026-07-24,L01,consumer,Category B,3,51.0,completed
T000635,2026-07-24,L01,consumer,Category A,4,48.0,completed
T000636,2026-07-24,L01,business,Category D,1,12.0,completed
T000637,2026-07-24,L02,consumer,Category C,6,72.0,completed
T000638,2026-07-24,L02,business,Category A,1,9.0,completed
T000639,2026-07-24,L02,consumer,Category B,1,15.0,completed
T000640,2026-07-24,L02,consumer,Category D,5,60.0,completed
T000641,2026-07-24,L02,consumer,Category D,3,39.0,completed
T000642,2026-07-24,L02,consumer,Category D,5,60.0,completed
T000643,2026-07-24,L02,business,Category D,6,78.0,completed
T000644,2026-07-24,L02,consumer,Category B,2,32.0,completed
T000645,2026-07-24,L02,consumer,Category A,1,10.0,completed
T000646,2026-07-24,L02,consumer,Category A,6,150.0,completed
T000647,2026-07-24,L02,consumer,Category C,2,38.0,completed
T000648,2026-07-24,L02,consumer,Category B,2,20.0,completed
T000649,2026-07-24,L02,consumer,Category C,5,55.0,completed
T000650,2026-07-24,L03,consumer,Category D,6,138.0,completed
T000651,2026-07-24,L03,consumer,Category C,5,40.0,completed
T000652,2026-07-24,L03,consumer,Category A,1,10.0,completed
T000653,2026-07-24,L03,consumer,Category D,6,132.0,completed
T000654,2026-07-24,L03,consumer,Category A,1,23.0,completed
T000655,2026-07-24,L03,consumer,Category B,6,60.0,completed
T000656,2026-07-24,L03,consumer,Category B,4,60.0,completed
T000657,2026-07-24,L03,consumer,Category B,4,32.0,completed
T000658,2026-07-24,L03,consumer,Category C,3,66.0,completed
T000659,2026-07-24,L03,consumer,Category A,3,45.0,completed
T000660,2026-07-24,L03,consumer,Category C,6,54.0,completed
T000661,2026-07-24,L03,consumer,Category C,5,125.0,completed
T000662,2026-07-25,L01,consumer,Category A,5,100.0,completed
T000663,2026-07-25,L01,consumer,Category B,5,45.0,completed
T000664,2026-07-25,L01,consumer,Category B,3,75.0,completed
T000665,2026-07-25,L01,consumer,Category B,2,42.0,completed
T000666,2026-07-25,L01,consumer,Category A,4,60.0,completed
T000667,2026-07-25,L01,business,Category C,1,13.0,completed
T000668,2026-07-25,L01,consumer,Category C,6,72.0,completed
T000669,2026-07-25,L01,consumer,Category C,2,44.0,completed
T000670,2026-07-25,L01,consumer,Category C,5,95.0,completed
T000671,2026-07-25,L01,consumer,Category D,4,88.0,completed
T000672,2026-07-25,L01,consumer,Category A,1,22.0,completed
T000673,2026-07-25,L01,consumer,Category C,4,88.0,completed
T000674,2026-07-25,L01,consumer,Category A,2,36.0,completed
T000675,2026-07-25,L01,consumer,Category D,4,72.0,completed
T000676,2026-07-25,L01,consumer,Category C,5,65.0,completed
T000677,2026-07-25,L01,consumer,Category C,5,80.0,completed
T000678,2026-07-25,L01,consumer,Category B,1,18.0,completed
T000679,2026-07-25,L01,consumer,Category A,2,28.0,completed
T000680,2026-07-25,L02,consumer,Category C,2,46.0,completed
T000681,2026-07-25,L02,consumer,Category A,5,60.0,completed
T000682,2026-07-25,L02,consumer,Category A,1,20.0,completed
T000683,2026-07-25,L02,consumer,Category A,4,48.0,completed
T000684,2026-07-25,L02,consumer,Category D,2,20.0,completed
T000685,2026-07-25,L02,business,Category A,6,120.0,completed
T000686,2026-07-25,L02,consumer,Category B,2,46.0,completed
T000687,2026-07-25,L02,business,Category A,4,64.0,completed
T000688,2026-07-25,L02,consumer,Category A,5,50.0,completed
T000689,2026-07-25,L02,consumer,Category B,4,80.0,completed
T000690,2026-07-25,L02,business,Category D,2,22.0,completed
T000691,2026-07-25,L02,consumer,Category D,1,15.0,completed
T000692,2026-07-25,L02,consumer,Category A,5,40.0,completed
T000693,2026-07-25,L02,consumer,Category C,1,11.0,completed
T000694,2026-07-25,L03,business,Category D,6,102.0,completed
T000695,2026-07-25,L03,consumer,Category D,6,60.0,completed
T000696,2026-07-25,L03,consumer,Category A,4,44.0,completed
T000697,2026-07-25,L03,consumer,Category D,6,78.0,completed
T000698,2026-07-25,L03,consumer,Category D,3,27.0,completed
T000699,2026-07-25,L03,business,Category D,6,60.0,completed
T000700,2026-07-25,L03,consumer,Category A,2,32.0,completed
T000701,2026-07-25,L03,consumer,Category D,3,75.0,completed
T000702,2026-07-25,L03,consumer,Category C,4,96.0,completed
T000703,2026-07-25,L03,consumer,Category A,2,50.0,completed
T000704,2026-07-25,L03,consumer,Category B,3,60.0,completed
T000705,2026-07-25,L03,business,Category C,1,24.0,completed
T000706,2026-07-25,L03,consumer,Category B,2,34.0,completed
T000707,2026-07-25,L03,consumer,Category C,6,90.0,completed
T000708,2026-07-25,L03,consumer,Category B,6,48.0,completed
T000709,2026-07-25,L03,consumer,Category D,4,60.0,completed
T000710,2026-07-25,L03,consumer,Category A,4,40.0,completed
T000711,2026-07-25,L03,consumer,Category A,6,114.0,completed
T000712,2026-07-25,L03,consumer,Category D,5,85.0,completed
T000713,2026-07-26,L01,consumer,Category A,4,84.0,completed
T000714,2026-07-26,L01,consumer,Category A,1,8.0,completed
T000715,2026-07-26,L01,consumer,Category B,2,16.0,completed
T000716,2026-07-26,L01,consumer,Category C,2,50.0,completed
T000717,2026-07-26,L01,consumer,Category A,2,38.0,completed
T000718,2026-07-26,L01,consumer,Category B,4,64.0,completed
T000719,2026-07-26,L01,consumer,Category D,4,72.0,completed
T000720,2026-07-26,L01,consumer,Category A,4,36.0,completed
T000721,2026-07-26,L01,consumer,Category C,4,72.0,completed
T000722,2026-07-26,L01,consumer,Category B,6,66.0,completed
T000723,2026-07-26,L01,consumer,Category D,6,60.0,completed
T000724,2026-07-26,L01,consumer,Category B,1,14.0,completed
T000725,2026-07-26,L01,consumer,Category C,6,144.0,completed
T000726,2026-07-26,L01,consumer,Category A,3,24.0,completed
T000727,2026-07-26,L01,consumer,Category C,3,48.0,completed
T000728,2026-07-26,L02,consumer,Category A,6,102.0,completed
T000729,2026-07-26,L02,consumer,Category B,4,68.0,completed
T000730,2026-07-26,L02,consumer,Category D,2,34.0,completed
T000731,2026-07-26,L02,consumer,Category C,4,100.0,completed
T000732,2026-07-26,L02,consumer,Category B,6,150.0,completed
T000733,2026-07-26,L02,consumer,Category B,6,102.0,completed
T000734,2026-07-26,L02,consumer,Category C,1,13.0,completed
T000735,2026-07-26,L02,business,Category D,2,38.0,completed
T000736,2026-07-26,L02,consumer,Category B,4,72.0,completed
T000737,2026-07-26,L02,consumer,Category A,4,84.0,completed
T000738,2026-07-26,L02,consumer,Category C,5,60.0,completed
T000739,2026-07-26,L02,consumer,Category A,4,92.0,completed
T000740,2026-07-26,L02,consumer,Category B,5,100.0,completed
T000741,2026-07-26,L02,business,Category D,5,65.0,completed
T000742,2026-07-26,L02,consumer,Category A,3,57.0,completed
T000743,2026-07-26,L02,consumer,Category B,5,125.0,completed
T000744,2026-07-26,L03,consumer,Category B,4,48.0,completed
T000745,2026-07-26,L03,consumer,Category A,3,27.0,completed
T000746,2026-07-26,L03,business,Category B,1,22.0,completed
T000747,2026-07-26,L03,consumer,Category D,2,28.0,completed
T000748,2026-07-26,L03,business,Category B,4,68.0,completed
T000749,2026-07-26,L03,business,Category A,6,150.0,completed
T000750,2026-07-26,L03,consumer,Category D,4,36.0,completed
T000751,2026-07-26,L03,consumer,Category A,1,8.0,completed
T000752,2026-07-26,L03,consumer,Category B,6,90.0,completed
T000753,2026-07-26,L03,consumer,Category D,1,13.0,completed
T000754,2026-07-26,L03,consumer,Category C,5,85.0,completed
T000755,2026-07-26,L03,consumer,Category A,3,42.0,completed
T000756,2026-07-26,L03,business,Category C,3,48.0,completed
T000757,2026-07-26,L03,consumer,Category B,6,144.0,cancelled
T000758,2026-07-26,L03,business,Category A,1,14.0,completed
T000759,2026-07-26,L03,business,Category B,2,28.0,completed
T000760,2026-07-26,L03,consumer,Category C,2,22.0,completed
T000761,2026-07-26,L03,consumer,Category B,5,50.0,completed
T000762,2026-07-27,L01,consumer,Category A,4,100.0,completed
T000763,2026-07-27,L01,consumer,Category D,4,44.0,completed
T000764,2026-07-27,L01,consumer,Category C,5,80.0,completed
T000765,2026-07-27,L01,consumer,Category C,6,108.0,completed
T000766,2026-07-27,L01,business,Category C,4,56.0,completed
T000767,2026-07-27,L01,consumer,Category C,3,45.0,completed
T000768,2026-07-27,L01,consumer,Category B,6,144.0,completed
T000769,2026-07-27,L01,consumer,Category A,2,32.0,completed
T000770,2026-07-27,L01,consumer,Category C,6,114.0,completed
T000771,2026-07-27,L01,business,Category C,4,52.0,completed
T000772,2026-07-27,L01,consumer,Category D,4,80.0,completed
T000773,2026-07-27,L01,consumer,Category B,2,34.0,completed
T000774,2026-07-27,L01,consumer,Category B,1,21.0,completed
T000775,2026-07-27,L01,consumer,Category C,4,60.0,completed
T000776,2026-07-27,L01,consumer,Category D,6,126.0,completed
T000777,2026-07-27,L02,consumer,Category B,3,36.0,completed
T000778,2026-07-27,L02,consumer,Category D,4,88.0,completed
T000779,2026-07-27,L02,consumer,Category B,2,48.0,completed
T000780,2026-07-27,L02,consumer,Category D,2,50.0,completed
T000781,2026-07-27,L02,business,Category B,4,36.0,completed
T000782,2026-07-27,L02,consumer,Category D,5,60.0,completed
T000783,2026-07-27,L02,consumer,Category A,3,72.0,completed
T000784,2026-07-27,L02,consumer,Category A,6,48.0,completed
T000785,2026-07-27,L02,consumer,Category C,5,110.0,completed
T000786,2026-07-27,L02,consumer,Category C,4,44.0,completed
T000787,2026-07-27,L02,business,Category C,1,24.0,completed
T000788,2026-07-27,L02,consumer,Category A,4,56.0,completed
T000789,2026-07-27,L02,consumer,Category B,3,27.0,completed
T000790,2026-07-27,L02,consumer,Category B,2,44.0,completed
T000791,2026-07-27,L02,consumer,Category D,4,68.0,completed
T000792,2026-07-27,L02,consumer,Category B,6,120.0,completed
T000793,2026-07-27,L02,consumer,Category A,2,18.0,completed
T000794,2026-07-27,L03,consumer,Category C,4,80.0,completed
T000795,2026-07-27,L03,consumer,Category C,1,24.0,completed
T000796,2026-07-27,L03,consumer,Category A,1,16.0,completed
T000797,2026-07-27,L03,consumer,Category A,5,110.0,completed
T000798,2026-07-27,L03,consumer,Category D,3,69.0,completed
T000799,2026-07-27,L03,business,Category D,1,25.0,completed
T000800,2026-07-27,L03,consumer,Category D,3,39.0,completed
T000801,2026-07-27,L03,consumer,Category D,4,56.0,completed
T000802,2026-07-27,L03,consumer,Category D,4,60.0,completed
T000803,2026-07-27,L03,business,Category A,2,16.0,completed
T000804,2026-07-27,L03,consumer,Category A,5,85.0,completed
T000805,2026-07-27,L03,consumer,Category C,1,24.0,completed
T000806,2026-07-27,L03,consumer,Category C,3,69.0,cancelled
T000807,2026-07-27,L03,consumer,Category A,4,92.0,completed
T000808,2026-07-28,L01,business,Category B,4,56.0,completed
T000809,2026-07-28,L01,consumer,Category D,4,96.0,cancelled
T000810,2026-07-28,L01,consumer,Category C,2,24.0,completed
T000811,2026-07-28,L01,consumer,Category D,5,65.0,completed
T000812,2026-07-28,L01,consumer,Category D,2,22.0,completed
T000813,2026-07-28,L01,consumer,Category A,3,24.0,completed
T000814,2026-07-28,L01,business,Category D,6,90.0,completed
T000815,2026-07-28,L01,business,Category D,1,19.0,completed
T000816,2026-07-28,L01,consumer,Category D,3,30.0,completed
T000817,2026-07-28,L01,business,Category C,6,126.0,completed
T000818,2026-07-28,L01,consumer,Category D,4,72.0,completed
T000819,2026-07-28,L01,business,Category D,1,19.0,completed
T000820,2026-07-28,L01,consumer,Category A,6,66.0,completed
T000821,2026-07-28,L01,consumer,Category A,1,25.0,completed
T000822,2026-07-28,L01,consumer,Category B,2,26.0,completed
T000823,2026-07-28,L01,consumer,Category C,2,42.0,completed
T000824,2026-07-28,L01,consumer,Category B,1,17.0,completed
T000825,2026-07-28,L01,business,Category C,3,48.0,completed
T000826,2026-07-28,L01,consumer,Category D,3,69.0,completed
T000827,2026-07-28,L01,consumer,Category D,5,55.0,completed
T000828,2026-07-28,L02,consumer,Category C,1,18.0,completed
T000829,2026-07-28,L02,consumer,Category C,4,100.0,completed
T000830,2026-07-28,L02,consumer,Category B,2,44.0,completed
T000831,2026-07-28,L02,consumer,Category D,6,60.0,completed
T000832,2026-07-28,L02,business,Category A,1,19.0,completed
T000833,2026-07-28,L02,consumer,Category D,1,18.0,completed
T000834,2026-07-28,L02,consumer,Category C,5,120.0,completed
T000835,2026-07-28,L02,consumer,Category A,4,100.0,completed
T000836,2026-07-28,L02,consumer,Category D,2,16.0,completed
T000837,2026-07-28,L02,consumer,Category D,3,54.0,completed
T000838,2026-07-28,L02,business,Category D,3,57.0,completed
T000839,2026-07-28,L02,consumer,Category D,4,72.0,completed
T000840,2026-07-28,L02,consumer,Category B,4,32.0,completed
T000841,2026-07-28,L02,consumer,Category C,4,44.0,completed
T000842,2026-07-28,L02,business,Category B,3,48.0,completed
T000843,2026-07-28,L02,consumer,Category D,3,42.0,completed
T000844,2026-07-28,L02,consumer,Category C,4,92.0,completed
T000845,2026-07-28,L02,consumer,Category C,5,65.0,completed
T000846,2026-07-28,L02,consumer,Category B,2,26.0,completed
T000847,2026-07-28,L02,consumer,Category C,3,30.0,completed
T000848,2026-07-28,L02,consumer,Category C,2,18.0,completed
T000849,2026-07-28,L03,consumer,Category B,5,45.0,completed
T000850,2026-07-28,L03,consumer,Category C,1,10.0,completed
T000851,2026-07-28,L03,consumer,Category C,1,14.0,completed
T000852,2026-07-28,L03,consumer,Category A,2,48.0,completed
T000853,2026-07-28,L03,business,Category C,5,95.0,completed
T000854,2026-07-28,L03,consumer,Category A,1,8.0,cancelled
T000855,2026-07-28,L03,consumer,Category D,6,84.0,completed
T000856,2026-07-28,L03,consumer,Category D,4,76.0,cancelled
T000857,2026-07-28,L03,consumer,Category A,3,69.0,completed
T000858,2026-07-28,L03,consumer,Category C,3,75.0,completed
T000859,2026-07-28,L03,consumer,Category D,6,60.0,completed
T000860,2026-07-28,L03,consumer,Category A,2,26.0,completed
T000861,2026-07-29,L01,consumer,Category C,6,150.0,completed
T000862,2026-07-29,L01,consumer,Category C,4,60.0,completed
T000863,2026-07-29,L01,consumer,Category C,4,60.0,completed
T000864,2026-07-29,L01,consumer,Category D,5,80.0,completed
T000865,2026-07-29,L01,consumer,Category A,6,108.0,completed
T000866,2026-07-29,L01,consumer,Category B,4,80.0,completed
T000867,2026-07-29,L01,consumer,Category D,6,108.0,completed
T000868,2026-07-29,L01,consumer,Category D,6,96.0,completed
T000869,2026-07-29,L01,business,Category B,2,36.0,completed
T000870,2026-07-29,L01,consumer,Category C,4,60.0,completed
T000871,2026-07-29,L01,consumer,Category D,3,63.0,completed
T000872,2026-07-29,L01,consumer,Category A,5,65.0,completed
T000873,2026-07-29,L01,consumer,Category C,1,13.0,completed
T000874,2026-07-29,L01,consumer,Category B,6,132.0,completed
T000875,2026-07-29,L01,consumer,Category D,5,110.0,completed
T000876,2026-07-29,L01,consumer,Category B,5,110.0,completed
T000877,2026-07-29,L01,consumer,Category C,6,108.0,completed
T000878,2026-07-29,L01,business,Category C,2,30.0,completed
T000879,2026-07-29,L01,consumer,Category A,1,15.0,completed
T000880,2026-07-29,L01,business,Category D,3,57.0,cancelled
T000881,2026-07-29,L02,business,Category D,2,44.0,completed
T000882,2026-07-29,L02,consumer,Category B,1,24.0,completed
T000883,2026-07-29,L02,consumer,Category B,6,108.0,completed
T000884,2026-07-29,L02,consumer,Category A,2,40.0,completed
T000885,2026-07-29,L02,consumer,Category C,6,66.0,completed
T000886,2026-07-29,L02,consumer,Category B,6,120.0,completed
T000887,2026-07-29,L02,consumer,Category D,1,14.0,completed
T000888,2026-07-29,L02,consumer,Category B,5,90.0,completed
T000889,2026-07-29,L02,consumer,Category A,4,36.0,completed
T000890,2026-07-29,L02,consumer,Category B,2,22.0,completed
T000891,2026-07-29,L02,consumer,Category B,3,72.0,completed
T000892,2026-07-29,L02,consumer,Category A,4,72.0,completed
T000893,2026-07-29,L02,consumer,Category C,3,36.0,completed
T000894,2026-07-29,L02,consumer,Category D,3,66.0,completed
T000895,2026-07-29,L02,consumer,Category A,1,14.0,completed
T000896,2026-07-29,L02,consumer,Category B,3,69.0,completed
T000897,2026-07-29,L03,consumer,Category B,1,20.0,completed
T000898,2026-07-29,L03,consumer,Category B,1,20.0,completed
T000899,2026-07-29,L03,consumer,Category D,4,56.0,completed
T000900,2026-07-29,L03,consumer,Category D,1,14.0,completed
T000901,2026-07-29,L03,business,Category A,4,76.0,completed
T000902,2026-07-29,L03,consumer,Category D,6,60.0,completed
T000903,2026-07-29,L03,business,Category D,6,114.0,completed
T000904,2026-07-29,L03,consumer,Category B,6,102.0,completed
T000905,2026-07-29,L03,business,Category D,6,54.0,completed
T000906,2026-07-29,L03,consumer,Category C,4,84.0,completed
T000907,2026-07-29,L03,consumer,Category B,3,54.0,completed
T000908,2026-07-29,L03,business,Category A,1,25.0,completed
T000909,2026-07-29,L03,consumer,Category A,4,32.0,completed
T000910,2026-07-29,L03,consumer,Category A,4,76.0,completed
T000911,2026-07-30,L01,consumer,Category D,2,36.0,completed
T000912,2026-07-30,L01,business,Category B,1,12.0,completed
T000913,2026-07-30,L01,consumer,Category A,5,50.0,completed
T000914,2026-07-30,L01,consumer,Category A,4,32.0,completed
T000915,2026-07-30,L01,consumer,Category A,5,80.0,completed
T000916,2026-07-30,L01,consumer,Category C,5,65.0,completed
T000917,2026-07-30,L01,consumer,Category A,5,125.0,completed
T000918,2026-07-30,L01,consumer,Category C,1,21.0,completed
T000919,2026-07-30,L01,consumer,Category D,1,21.0,completed
T000920,2026-07-30,L01,consumer,Category C,5,50.0,completed
T000921,2026-07-30,L01,consumer,Category D,6,138.0,completed
T000922,2026-07-30,L01,consumer,Category C,5,85.0,completed
T000923,2026-07-30,L01,business,Category B,3,27.0,completed
T000924,2026-07-30,L01,consumer,Category C,4,80.0,completed
T000925,2026-07-30,L01,business,Category D,5,100.0,completed
T000926,2026-07-30,L01,consumer,Category B,4,100.0,completed
T000927,2026-07-30,L01,consumer,Category D,4,32.0,completed
T000928,2026-07-30,L01,consumer,Category B,2,38.0,completed
T000929,2026-07-30,L01,consumer,Category A,4,72.0,completed
T000930,2026-07-30,L01,business,Category C,2,38.0,cancelled
T000931,2026-07-30,L01,consumer,Category C,6,114.0,completed
T000932,2026-07-30,L02,consumer,Category D,5,60.0,completed
T000933,2026-07-30,L02,business,Category A,1,13.0,completed
T000934,2026-07-30,L02,consumer,Category D,1,8.0,completed
T000935,2026-07-30,L02,consumer,Category B,5,125.0,completed
T000936,2026-07-30,L02,consumer,Category D,1,12.0,completed
T000937,2026-07-30,L02,consumer,Category B,1,22.0,completed
T000938,2026-07-30,L02,business,Category A,1,12.0,completed
T000939,2026-07-30,L02,consumer,Category C,1,15.0,completed
T000940,2026-07-30,L02,consumer,Category D,5,80.0,completed
T000941,2026-07-30,L02,consumer,Category A,2,46.0,completed
T000942,2026-07-30,L02,consumer,Category D,6,60.0,completed
T000943,2026-07-30,L02,consumer,Category B,5,65.0,completed
T000944,2026-07-30,L02,consumer,Category D,3,60.0,completed
T000945,2026-07-30,L02,business,Category D,1,17.0,completed
T000946,2026-07-30,L02,consumer,Category B,2,46.0,completed
T000947,2026-07-30,L03,consumer,Category B,1,24.0,completed
T000948,2026-07-30,L03,consumer,Category A,3,60.0,completed
T000949,2026-07-30,L03,consumer,Category B,5,60.0,completed
T000950,2026-07-30,L03,consumer,Category C,1,10.0,completed
T000951,2026-07-30,L03,consumer,Category A,2,32.0,completed
T000952,2026-07-30,L03,consumer,Category B,4,48.0,completed
T000953,2026-07-30,L03,consumer,Category B,1,21.0,completed
T000954,2026-07-30,L03,consumer,Category A,4,84.0,completed
T000955,2026-07-30,L03,consumer,Category B,4,96.0,completed
T000956,2026-07-30,L03,consumer,Category B,4,92.0,completed
T000957,2026-07-30,L03,business,Category C,6,84.0,completed
T000958,2026-07-30,L03,business,Category D,1,15.0,completed
T000959,2026-07-30,L03,consumer,Category A,4,32.0,completed
T000960,2026-07-30,L03,consumer,Category D,3,60.0,completed
T000961,2026-07-30,L03,consumer,Category C,1,12.0,completed
T000962,2026-07-30,L03,consumer,Category B,5,90.0,completed
T000963,2026-07-30,L03,consumer,Category A,1,11.0,completed
T000964,2026-07-30,L03,consumer,Category A,2,44.0,completed
T000965,2026-07-30,L03,consumer,Category B,3,39.0,cancelled
T000966,2026-07-30,L03,consumer,Category B,5,80.0,completed
T000967,2026-07-30,L03,consumer,Category A,2,38.0,completed
T000968,2026-07-31,L01,consumer,Category D,4,48.0,completed
T000969,2026-07-31,L01,consumer,Category B,4,92.0,completed
T000970,2026-07-31,L01,consumer,Category D,4,92.0,completed
T000971,2026-07-31,L01,consumer,Category C,5,95.0,completed
T000972,2026-07-31,L01,business,Category C,2,36.0,completed
T000973,2026-07-31,L01,consumer,Category D,3,39.0,completed
T000974,2026-07-31,L01,business,Category B,4,32.0,completed
T000975,2026-07-31,L01,business,Category B,1,13.0,completed
T000976,2026-07-31,L01,consumer,Category A,6,78.0,completed
T000977,2026-07-31,L01,business,Category B,6,90.0,completed
T000978,2026-07-31,L01,consumer,Category C,1,23.0,completed
T000979,2026-07-31,L01,consumer,Category B,5,115.0,completed
T000980,2026-07-31,L01,consumer,Category B,1,15.0,cancelled
T000981,2026-07-31,L01,consumer,Category B,6,66.0,completed
T000982,2026-07-31,L02,business,Category B,2,26.0,completed
T000983,2026-07-31,L02,consumer,Category C,3,72.0,completed
T000984,2026-07-31,L02,consumer,Category B,4,68.0,completed
T000985,2026-07-31,L02,consumer,Category A,3,45.0,completed
T000986,2026-07-31,L02,consumer,Category C,2,26.0,cancelled
T000987,2026-07-31,L02,consumer,Category D,5,110.0,completed
T000988,2026-07-31,L02,consumer,Category B,2,38.0,completed
T000989,2026-07-31,L02,consumer,Category D,3,48.0,completed
T000990,2026-07-31,L02,consumer,Category B,4,72.0,completed
T000991,2026-07-31,L02,consumer,Category A,1,9.0,completed
T000992,2026-07-31,L02,consumer,Category A,1,17.0,completed
T000993,2026-07-31,L02,consumer,Category B,4,60.0,completed
T000994,2026-07-31,L02,consumer,Category C,5,110.0,completed
T000995,2026-07-31,L02,consumer,Category B,2,36.0,completed
T000996,2026-07-31,L02,consumer,Category A,1,20.0,completed
T000997,2026-07-31,L02,consumer,Category D,2,16.0,completed
T000998,2026-07-31,L03,consumer,Category A,1,8.0,completed
T000999,2026-07-31,L03,consumer,Category D,2,32.0,completed
T001000,2026-07-31,L03,business,Category B,1,19.0,completed
T001001,2026-07-31,L03,consumer,Category A,3,75.0,completed
T001002,2026-07-31,L03,consumer,Category A,6,102.0,completed
T001003,2026-07-31,L03,business,Category C,6,54.0,completed
T001004,2026-07-31,L03,consumer,Category D,6,84.0,completed
T001005,2026-07-31,L03,consumer,Category D,2,48.0,completed
T001006,2026-07-31,L03,consumer,Category B,6,96.0,completed
T001007,2026-07-31,L03,consumer,Category A,2,48.0,completed
T001008,2026-07-31,L03,consumer,Category C,2,24.0,completed
T001009,2026-07-31,L03,consumer,Category D,3,75.0,completed
T001010,2026-07-31,L03,consumer,Category A,1,9.0,completed
T001011,2026-07-31,L03,consumer,Category A,2,38.0,cancelled
T001012,2026-07-31,L03,consumer,Category B,2,26.0,completed
T001013,2026-07-31,L03,consumer,Category C,5,90.0,completed
T001014,2026-07-31,L03,consumer,Category D,4,72.0,completed
T001015,2026-07-31,L03,consumer,Category A,6,108.0,completed
T001016,2026-08-01,L01,business,Category A,4,80.0,completed
T001017,2026-08-01,L01,consumer,Category B,1,10.0,completed
T001018,2026-08-01,L01,business,Category B,5,120.0,completed
T001019,2026-08-01,L01,business,Category C,5,70.0,cancelled
T001020,2026-08-01,L01,consumer,Category B,3,27.0,completed
T001021,2026-08-01,L01,consumer,Category C,6,132.0,completed
T001022,2026-08-01,L01,consumer,Category B,5,120.0,completed
T001023,2026-08-01,L01,consumer,Category D,2,36.0,completed
T001024,2026-08-01,L01,consumer,Category B,4,56.0,completed
T001025,2026-08-01,L01,consumer,Category C,6,96.0,completed
T001026,2026-08-01,L01,consumer,Category D,3,27.0,completed
T001027,2026-08-01,L01,consumer,Category B,1,8.0,completed
T001028,2026-08-01,L01,business,Category B,5,55.0,completed
T001029,2026-08-01,L01,business,Category B,3,45.0,completed
T001030,2026-08-01,L01,consumer,Category C,5,95.0,completed
T001031,2026-08-01,L01,consumer,Category A,3,75.0,completed
T001032,2026-08-01,L01,business,Category D,1,22.0,completed
T001033,2026-08-01,L01,consumer,Category C,1,12.0,completed
T001034,2026-08-01,L01,consumer,Category D,6,138.0,cancelled
T001035,2026-08-01,L01,consumer,Category B,5,120.0,completed
T001036,2026-08-01,L01,consumer,Category B,6,120.0,completed
T001037,2026-08-01,L02,consumer,Category A,4,52.0,completed
T001038,2026-08-01,L02,consumer,Category B,2,20.0,completed
T001039,2026-08-01,L02,consumer,Category C,5,110.0,completed
T001040,2026-08-01,L02,business,Category B,2,28.0,completed
T001041,2026-08-01,L02,consumer,Category D,4,48.0,completed
T001042,2026-08-01,L02,business,Category C,4,92.0,completed
T001043,2026-08-01,L02,business,Category B,4,32.0,completed
T001044,2026-08-01,L02,consumer,Category B,2,36.0,completed
T001045,2026-08-01,L02,business,Category A,3,27.0,completed
T001046,2026-08-01,L02,consumer,Category D,3,39.0,completed
T001047,2026-08-01,L02,business,Category A,4,64.0,completed
T001048,2026-08-01,L02,consumer,Category B,2,40.0,completed
T001049,2026-08-01,L03,business,Category D,1,19.0,completed
T001050,2026-08-01,L03,consumer,Category D,6,126.0,completed
T001051,2026-08-01,L03,consumer,Category A,1,8.0,completed
T001052,2026-08-01,L03,consumer,Category C,2,20.0,completed
T001053,2026-08-01,L03,consumer,Category B,5,95.0,completed
T001054,2026-08-01,L03,business,Category A,2,22.0,completed
T001055,2026-08-01,L03,consumer,Category A,2,18.0,completed
T001056,2026-08-01,L03,business,Category C,2,28.0,completed
T001057,2026-08-01,L03,consumer,Category C,3,54.0,completed
T001058,2026-08-01,L03,consumer,Category A,5,60.0,completed
T001059,2026-08-01,L03,consumer,Category D,3,30.0,cancelled
T001060,2026-08-01,L03,consumer,Category B,4,64.0,completed
T001061,2026-08-01,L03,business,Category A,1,12.0,completed
T001062,2026-08-01,L03,consumer,Category D,5,55.0,completed
T001063,2026-08-01,L03,consumer,Category A,5,80.0,completed
T001064,2026-08-01,L03,business,Category B,2,48.0,completed
T001065,2026-08-01,L03,business,Category A,5,75.0,completed
T001066,2026-08-01,L03,consumer,Category C,6,108.0,completed
T001067,2026-08-01,L03,consumer,Category A,2,28.0,completed
T001068,2026-08-02,L01,consumer,Category A,4,52.0,completed
T001069,2026-08-02,L01,consumer,Category B,4,88.0,completed
T001070,2026-08-02,L01,consumer,Category B,2,36.0,completed
T001071,2026-08-02,L01,consumer,Category D,1,11.0,completed
T001072,2026-08-02,L01,consumer,Category B,6,66.0,completed
T001073,2026-08-02,L01,consumer,Category D,3,51.0,completed
T001074,2026-08-02,L01,business,Category A,5,50.0,completed
T001075,2026-08-02,L01,business,Category B,5,65.0,completed
T001076,2026-08-02,L01,consumer,Category C,3,60.0,completed
T001077,2026-08-02,L01,business,Category C,2,28.0,completed
T001078,2026-08-02,L01,consumer,Category C,6,48.0,completed
T001079,2026-08-02,L01,business,Category C,5,95.0,completed
T001080,2026-08-02,L01,business,Category D,3,24.0,completed
T001081,2026-08-02,L01,consumer,Category A,5,70.0,completed
T001082,2026-08-02,L01,consumer,Category B,4,40.0,completed
T001083,2026-08-02,L02,consumer,Category A,1,18.0,completed
T001084,2026-08-02,L02,consumer,Category D,4,40.0,completed
T001085,2026-08-02,L02,consumer,Category A,2,44.0,completed
T001086,2026-08-02,L02,consumer,Category D,5,70.0,completed
T001087,2026-08-02,L02,consumer,Category D,5,80.0,completed
T001088,2026-08-02,L02,consumer,Category D,1,8.0,completed
T001089,2026-08-02,L02,business,Category A,5,110.0,completed
T001090,2026-08-02,L02,consumer,Category B,6,150.0,cancelled
T001091,2026-08-02,L02,consumer,Category D,3,75.0,completed
T001092,2026-08-02,L02,business,Category A,1,21.0,completed
T001093,2026-08-02,L02,consumer,Category A,1,14.0,completed
T001094,2026-08-02,L02,consumer,Category D,1,16.0,completed
T001095,2026-08-02,L03,consumer,Category D,3,69.0,completed
T001096,2026-08-02,L03,business,Category D,1,18.0,completed
T001097,2026-08-02,L03,consumer,Category C,5,95.0,completed
T001098,2026-08-02,L03,consumer,Category B,2,40.0,completed
T001099,2026-08-02,L03,consumer,Category A,4,68.0,completed
T001100,2026-08-02,L03,business,Category D,1,9.0,completed
T001101,2026-08-02,L03,consumer,Category D,3,66.0,completed
T001102,2026-08-02,L03,consumer,Category C,4,56.0,completed
T001103,2026-08-02,L03,consumer,Category A,5,90.0,completed
T001104,2026-08-02,L03,business,Category C,1,14.0,completed
T001105,2026-08-02,L03,consumer,Category D,5,45.0,completed
T001106,2026-08-02,L03,consumer,Category B,1,12.0,completed
T001107,2026-08-02,L03,consumer,Category C,4,80.0,completed
T001108,2026-08-02,L03,consumer,Category D,4,36.0,completed
T001109,2026-08-02,L03,consumer,Category B,4,68.0,completed
T001110,2026-08-02,L03,consumer,Category D,5,95.0,completed
T001111,2026-08-02,L03,business,Category A,6,72.0,completed
T001112,2026-08-02,L03,consumer,Category D,3,27.0,completed
T001113,2026-08-02,L03,consumer,Category A,2,26.0,completed
T001114,2026-08-02,L03,consumer,Category C,5,125.0,completed
T001115,2026-08-02,L03,consumer,Category A,4,52.0,completed
T001116,2026-08-03,L01,business,Category C,4,60.0,completed
T001117,2026-08-03,L01,business,Category A,2,16.0,completed
T001118,2026-08-03,L01,consumer,Category A,5,60.0,completed
T001119,2026-08-03,L01,consumer,Category C,4,68.0,completed
T001120,2026-08-03,L01,consumer,Category A,6,78.0,completed
T001121,2026-08-03,L01,consumer,Category A,5,85.0,completed
T001122,2026-08-03,L01,consumer,Category B,3,51.0,cancelled
T001123,2026-08-03,L01,consumer,Category B,3,60.0,completed
T001124,2026-08-03,L01,consumer,Category A,6,120.0,completed
T001125,2026-08-03,L01,consumer,Category C,3,51.0,completed
T001126,2026-08-03,L01,consumer,Category B,6,90.0,completed
T001127,2026-08-03,L01,consumer,Category C,5,70.0,completed
T001128,2026-08-03,L01,consumer,Category D,2,16.0,completed
T001129,2026-08-03,L01,consumer,Category B,3,24.0,cancelled
T001130,2026-08-03,L01,consumer,Category A,2,22.0,completed
T001131,2026-08-03,L01,business,Category A,4,48.0,completed
T001132,2026-08-03,L01,business,Category A,4,72.0,completed
T001133,2026-08-03,L02,consumer,Category A,2,20.0,completed
T001134,2026-08-03,L02,business,Category A,5,80.0,completed
T001135,2026-08-03,L02,consumer,Category B,3,60.0,completed
T001136,2026-08-03,L02,consumer,Category D,2,48.0,completed
T001137,2026-08-03,L02,business,Category C,5,65.0,completed
T001138,2026-08-03,L02,consumer,Category C,5,60.0,completed
T001139,2026-08-03,L02,consumer,Category D,5,70.0,completed
T001140,2026-08-03,L02,business,Category C,1,17.0,completed
T001141,2026-08-03,L02,business,Category A,3,75.0,completed
T001142,2026-08-03,L02,consumer,Category D,4,32.0,cancelled
T001143,2026-08-03,L02,consumer,Category D,2,28.0,completed
T001144,2026-08-03,L02,business,Category B,6,66.0,completed
T001145,2026-08-03,L02,business,Category A,2,18.0,completed
T001146,2026-08-03,L03,consumer,Category A,2,48.0,completed
T001147,2026-08-03,L03,consumer,Category D,4,40.0,completed
T001148,2026-08-03,L03,consumer,Category D,3,48.0,completed
T001149,2026-08-03,L03,consumer,Category D,5,90.0,completed
T001150,2026-08-03,L03,business,Category C,3,57.0,completed
T001151,2026-08-03,L03,consumer,Category C,5,125.0,completed
T001152,2026-08-03,L03,consumer,Category D,6,120.0,completed
T001153,2026-08-03,L03,consumer,Category C,5,70.0,completed
T001154,2026-08-03,L03,consumer,Category B,6,48.0,completed
T001155,2026-08-03,L03,consumer,Category C,5,85.0,completed
T001156,2026-08-03,L03,consumer,Category B,4,68.0,completed
T001157,2026-08-03,L03,consumer,Category A,6,102.0,cancelled
T001158,2026-08-03,L03,consumer,Category B,1,8.0,completed
T001159,2026-08-03,L03,business,Category A,3,51.0,completed
T001160,2026-08-03,L03,consumer,Category C,6,138.0,completed
T001161,2026-08-03,L03,consumer,Category B,6,120.0,completed
T001162,2026-08-03,L03,consumer,Category A,1,9.0,completed
T001163,2026-08-04,L01,consumer,Category B,6,108.0,completed
T001164,2026-08-04,L01,consumer,Category D,3,36.0,completed
T001165,2026-08-04,L01,business,Category D,2,18.0,completed
T001166,2026-08-04,L01,consumer,Category A,5,90.0,completed
T001167,2026-08-04,L01,consumer,Category C,4,88.0,completed
T001168,2026-08-04,L01,business,Category D,3,60.0,completed
T001169,2026-08-04,L01,consumer,Category C,6,114.0,completed
T001170,2026-08-04,L01,consumer,Category A,3,63.0,completed
T001171,2026-08-04,L01,business,Category A,6,150.0,completed
T001172,2026-08-04,L01,consumer,Category B,5,80.0,completed
T001173,2026-08-04,L01,consumer,Category D,1,14.0,completed
T001174,2026-08-04,L01,consumer,Category B,1,23.0,completed
T001175,2026-08-04,L01,consumer,Category A,2,38.0,completed
T001176,2026-08-04,L01,consumer,Category B,1,17.0,completed
T001177,2026-08-04,L02,consumer,Category B,1,12.0,completed
T001178,2026-08-04,L02,consumer,Category C,4,76.0,completed
T001179,2026-08-04,L02,consumer,Category C,5,45.0,completed
T001180,2026-08-04,L02,consumer,Category B,4,68.0,completed
T001181,2026-08-04,L02,consumer,Category A,2,28.0,completed
T001182,2026-08-04,L02,consumer,Category A,3,30.0,completed
T001183,2026-08-04,L02,business,Category D,6,120.0,completed
T001184,2026-08-04,L02,consumer,Category B,2,18.0,completed
T001185,2026-08-04,L02,consumer,Category C,5,85.0,completed
T001186,2026-08-04,L02,consumer,Category B,1,23.0,completed
T001187,2026-08-04,L02,consumer,Category D,4,40.0,completed
T001188,2026-08-04,L02,consumer,Category A,5,50.0,completed
T001189,2026-08-04,L02,consumer,Category B,5,45.0,completed
T001190,2026-08-04,L02,consumer,Category B,2,38.0,completed
T001191,2026-08-04,L02,consumer,Category B,2,36.0,completed
T001192,2026-08-04,L02,consumer,Category B,2,30.0,completed
T001193,2026-08-04,L02,consumer,Category C,2,20.0,completed
T001194,2026-08-04,L02,consumer,Category D,2,36.0,completed
T001195,2026-08-04,L02,business,Category B,4,40.0,completed
T001196,2026-08-04,L03,consumer,Category A,5,60.0,completed
T001197,2026-08-04,L03,consumer,Category B,4,44.0,completed
T001198,2026-08-04,L03,consumer,Category D,3,39.0,completed
T001199,2026-08-04,L03,consumer,Category D,5,40.0,completed
T001200,2026-08-04,L03,consumer,Category A,3,54.0,completed
T001201,2026-08-04,L03,consumer,Category A,1,16.0,completed
T001202,2026-08-04,L03,consumer,Category B,5,105.0,completed
T001203,2026-08-04,L03,consumer,Category D,1,12.0,completed
T001204,2026-08-04,L03,business,Category C,1,10.0,completed
T001205,2026-08-04,L03,consumer,Category D,3,54.0,completed
T001206,2026-08-04,L03,business,Category C,4,48.0,completed
T001207,2026-08-04,L03,business,Category C,6,120.0,completed
T001208,2026-08-04,L03,business,Category C,6,120.0,completed
T001209,2026-08-04,L03,consumer,Category B,2,36.0,completed
T001210,2026-08-04,L03,business,Category B,4,100.0,completed
T001211,2026-08-04,L03,consumer,Category C,6,150.0,completed
T001212,2026-08-04,L03,business,Category B,3,48.0,completed
T001213,2026-08-04,L03,business,Category A,6,90.0,completed
T001214,2026-08-04,L03,consumer,Category C,4,92.0,completed
T001215,2026-08-05,L01,consumer,Category B,6,96.0,completed
T001216,2026-08-05,L01,consumer,Category C,4,44.0,completed
T001217,2026-08-05,L01,consumer,Category C,3,69.0,completed
T001218,2026-08-05,L01,consumer,Category B,1,10.0,completed
T001219,2026-08-05,L01,consumer,Category B,5,60.0,completed
T001220,2026-08-05,L01,consumer,Category A,6,72.0,completed
T001221,2026-08-05,L01,consumer,Category A,3,48.0,completed
T001222,2026-08-05,L01,business,Category D,5,45.0,completed
T001223,2026-08-05,L01,consumer,Category A,1,25.0,completed
T001224,2026-08-05,L01,consumer,Category D,6,66.0,completed
T001225,2026-08-05,L01,consumer,Category B,4,32.0,completed
T001226,2026-08-05,L01,consumer,Category C,6,126.0,cancelled
T001227,2026-08-05,L01,consumer,Category C,3,51.0,completed
T001228,2026-08-05,L01,consumer,Category A,5,110.0,completed
T001229,2026-08-05,L02,consumer,Category D,3,42.0,completed
T001230,2026-08-05,L02,consumer,Category C,3,60.0,completed
T001231,2026-08-05,L02,consumer,Category D,4,72.0,completed
T001232,2026-08-05,L02,consumer,Category D,3,57.0,completed
T001233,2026-08-05,L02,business,Category C,1,25.0,completed
T001234,2026-08-05,L02,consumer,Category A,2,32.0,completed
T001235,2026-08-05,L02,business,Category D,2,38.0,completed
T001236,2026-08-05,L02,consumer,Category B,6,54.0,completed
T001237,2026-08-05,L02,consumer,Category A,4,96.0,completed
T001238,2026-08-05,L02,consumer,Category A,1,20.0,completed
T001239,2026-08-05,L02,consumer,Category A,6,90.0,completed
T001240,2026-08-05,L02,consumer,Category B,6,78.0,completed
T001241,2026-08-05,L03,consumer,Category C,2,34.0,completed
T001242,2026-08-05,L03,consumer,Category C,3,45.0,completed
T001243,2026-08-05,L03,consumer,Category A,1,12.0,completed
T001244,2026-08-05,L03,consumer,Category C,3,48.0,completed
T001245,2026-08-05,L03,consumer,Category D,3,27.0,completed
T001246,2026-08-05,L03,consumer,Category D,3,75.0,completed
T001247,2026-08-05,L03,business,Category C,6,60.0,completed
T001248,2026-08-05,L03,consumer,Category D,5,65.0,completed
T001249,2026-08-05,L03,business,Category C,4,64.0,completed
T001250,2026-08-05,L03,consumer,Category D,3,48.0,completed
T001251,2026-08-05,L03,consumer,Category D,6,132.0,cancelled
T001252,2026-08-05,L03,consumer,Category D,2,18.0,completed
T001253,2026-08-05,L03,consumer,Category A,4,64.0,completed
T001254,2026-08-05,L03,business,Category C,2,30.0,completed
T001255,2026-08-05,L03,consumer,Category D,2,40.0,completed
T001256,2026-08-05,L03,consumer,Category C,5,60.0,completed
T001257,2026-08-06,L01,consumer,Category A,6,84.0,completed
T001258,2026-08-06,L01,consumer,Category D,5,115.0,completed
T001259,2026-08-06,L01,consumer,Category D,4,56.0,completed
T001260,2026-08-06,L01,consumer,Category D,1,12.0,completed
T001261,2026-08-06,L01,consumer,Category A,6,96.0,completed
T001262,2026-08-06,L01,consumer,Category B,4,96.0,cancelled
T001263,2026-08-06,L01,consumer,Category C,4,64.0,completed
T001264,2026-08-06,L01,business,Category B,6,114.0,completed
T001265,2026-08-06,L01,consumer,Category C,1,10.0,completed
T001266,2026-08-06,L01,consumer,Category D,3,24.0,completed
T001267,2026-08-06,L01,business,Category D,1,15.0,completed
T001268,2026-08-06,L01,consumer,Category D,2,38.0,completed
T001269,2026-08-06,L01,consumer,Category B,1,8.0,completed
T001270,2026-08-06,L01,consumer,Category A,4,44.0,completed
T001271,2026-08-06,L01,consumer,Category A,5,45.0,cancelled
T001272,2026-08-06,L02,consumer,Category C,1,18.0,completed
T001273,2026-08-06,L02,consumer,Category C,2,46.0,completed
T001274,2026-08-06,L02,business,Category B,3,69.0,completed
T001275,2026-08-06,L02,consumer,Category B,2,24.0,completed
T001276,2026-08-06,L02,consumer,Category C,4,48.0,completed
T001277,2026-08-06,L02,consumer,Category C,2,50.0,completed
T001278,2026-08-06,L02,consumer,Category C,6,108.0,completed
T001279,2026-08-06,L02,consumer,Category D,3,33.0,completed
T001280,2026-08-06,L02,consumer,Category A,1,13.0,completed
T001281,2026-08-06,L02,consumer,Category A,3,57.0,completed
T001282,2026-08-06,L02,consumer,Category C,3,36.0,completed
T001283,2026-08-06,L02,consumer,Category B,6,138.0,cancelled
T001284,2026-08-06,L02,consumer,Category A,3,27.0,cancelled
T001285,2026-08-06,L02,consumer,Category B,3,36.0,completed
T001286,2026-08-06,L02,consumer,Category C,6,72.0,completed
T001287,2026-08-06,L02,consumer,Category B,3,42.0,completed
T001288,2026-08-06,L02,consumer,Category B,1,25.0,completed
T001289,2026-08-06,L02,consumer,Category D,6,144.0,completed
T001290,2026-08-06,L03,consumer,Category A,1,15.0,completed
T001291,2026-08-06,L03,consumer,Category B,4,56.0,completed
T001292,2026-08-06,L03,consumer,Category A,5,120.0,completed
T001293,2026-08-06,L03,consumer,Category D,3,27.0,completed
T001294,2026-08-06,L03,consumer,Category B,2,46.0,completed
T001295,2026-08-06,L03,consumer,Category D,2,26.0,completed
T001296,2026-08-06,L03,consumer,Category A,6,54.0,completed
T001297,2026-08-06,L03,consumer,Category B,5,115.0,completed
T001298,2026-08-06,L03,business,Category D,5,115.0,completed
T001299,2026-08-06,L03,business,Category B,5,50.0,completed
T001300,2026-08-06,L03,business,Category B,5,90.0,completed
T001301,2026-08-06,L03,consumer,Category C,4,44.0,cancelled
T001302,2026-08-06,L03,consumer,Category C,4,100.0,completed
T001303,2026-08-06,L03,consumer,Category C,4,92.0,completed
T001304,2026-08-06,L03,business,Category C,3,27.0,completed
T001305,2026-08-06,L03,consumer,Category C,2,20.0,completed
T001306,2026-08-06,L03,consumer,Category D,3,72.0,completed
T001307,2026-08-06,L03,business,Category A,5,40.0,completed
T001308,2026-08-06,L03,consumer,Category A,5,40.0,completed
T001309,2026-08-06,L03,consumer,Category B,4,60.0,completed
T001310,2026-08-06,L03,consumer,Category B,2,48.0,completed
T001311,2026-08-07,L01,consumer,Category C,5,45.0,completed
T001312,2026-08-07,L01,consumer,Category C,1,10.0,cancelled
T001313,2026-08-07,L01,consumer,Category B,1,10.0,completed
T001314,2026-08-07,L01,consumer,Category C,4,48.0,completed
T001315,2026-08-07,L01,consumer,Category D,5,90.0,completed
T001316,2026-08-07,L01,business,Category C,3,54.0,completed
T001317,2026-08-07,L01,consumer,Category D,6,132.0,completed
T001318,2026-08-07,L01,consumer,Category B,3,24.0,completed
T001319,2026-08-07,L01,consumer,Category D,2,30.0,completed
T001320,2026-08-07,L01,consumer,Category C,6,60.0,completed
T001321,2026-08-07,L01,consumer,Category C,3,51.0,completed
T001322,2026-08-07,L01,business,Category B,1,14.0,completed
T001323,2026-08-07,L01,consumer,Category D,3,27.0,completed
T001324,2026-08-07,L01,business,Category D,2,32.0,completed
T001325,2026-08-07,L01,consumer,Category D,5,85.0,completed
T001326,2026-08-07,L01,consumer,Category D,4,100.0,completed
T001327,2026-08-07,L01,consumer,Category C,1,19.0,completed
T001328,2026-08-07,L01,consumer,Category C,6,90.0,completed
T001329,2026-08-07,L01,consumer,Category C,4,56.0,completed
T001330,2026-08-07,L01,business,Category B,5,45.0,completed
T001331,2026-08-07,L01,consumer,Category A,3,33.0,completed
T001332,2026-08-07,L02,business,Category D,6,108.0,completed
T001333,2026-08-07,L02,business,Category B,2,22.0,completed
T001334,2026-08-07,L02,business,Category C,4,88.0,completed
T001335,2026-08-07,L02,consumer,Category B,6,126.0,completed
T001336,2026-08-07,L02,consumer,Category B,3,48.0,completed
T001337,2026-08-07,L02,consumer,Category B,5,85.0,completed
T001338,2026-08-07,L02,consumer,Category A,1,19.0,completed
T001339,2026-08-07,L02,consumer,Category D,4,52.0,completed
T001340,2026-08-07,L02,consumer,Category D,3,39.0,completed
T001341,2026-08-07,L02,consumer,Category B,1,13.0,completed
T001342,2026-08-07,L02,consumer,Category D,4,52.0,completed
T001343,2026-08-07,L02,consumer,Category C,3,75.0,completed
T001344,2026-08-07,L02,consumer,Category B,5,110.0,completed
T001345,2026-08-07,L02,consumer,Category C,2,34.0,completed
T001346,2026-08-07,L02,consumer,Category A,3,42.0,completed
T001347,2026-08-07,L02,consumer,Category D,4,84.0,completed
T001348,2026-08-07,L02,consumer,Category C,6,132.0,completed
T001349,2026-08-07,L02,consumer,Category A,4,92.0,completed
T001350,2026-08-07,L02,consumer,Category C,3,27.0,completed
T001351,2026-08-07,L02,consumer,Category C,3,42.0,completed
T001352,2026-08-07,L03,business,Category C,2,34.0,completed
T001353,2026-08-07,L03,consumer,Category D,5,95.0,completed
T001354,2026-08-07,L03,consumer,Category C,2,38.0,completed
T001355,2026-08-07,L03,consumer,Category D,6,126.0,completed
T001356,2026-08-07,L03,consumer,Category A,6,72.0,completed
T001357,2026-08-07,L03,business,Category A,3,72.0,completed
T001358,2026-08-07,L03,consumer,Category B,6,48.0,completed
T001359,2026-08-07,L03,business,Category D,5,65.0,completed
T001360,2026-08-07,L03,consumer,Category B,5,115.0,completed
T001361,2026-08-07,L03,business,Category C,2,28.0,completed
T001362,2026-08-07,L03,consumer,Category B,1,10.0,completed
T001363,2026-08-07,L03,consumer,Category B,1,20.0,completed
T001364,2026-08-07,L03,business,Category A,6,150.0,completed
T001365,2026-08-07,L03,business,Category A,1,14.0,completed
T001366,2026-08-07,L03,business,Category B,2,48.0,completed
T001367,2026-08-07,L03,business,Category C,6,96.0,completed
T001368,2026-08-07,L03,business,Category C,1,14.0,completed
T001369,2026-08-08,L01,business,Category B,6,120.0,completed
T001370,2026-08-08,L01,consumer,Category B,6,102.0,completed
T001371,2026-08-08,L01,consumer,Category B,3,33.0,completed
T001372,2026-08-08,L01,consumer,Category A,2,42.0,completed
T001373,2026-08-08,L01,consumer,Category C,1,14.0,completed
T001374,2026-08-08,L01,consumer,Category C,4,76.0,completed
T001375,2026-08-08,L01,consumer,Category B,2,24.0,completed
T001376,2026-08-08,L01,consumer,Category A,4,48.0,completed
T001377,2026-08-08,L01,consumer,Category D,6,66.0,completed
T001378,2026-08-08,L01,consumer,Category A,2,20.0,completed
T001379,2026-08-08,L01,consumer,Category A,4,76.0,completed
T001380,2026-08-08,L01,consumer,Category D,3,63.0,completed
T001381,2026-08-08,L01,consumer,Category A,4,60.0,completed
T001382,2026-08-08,L01,consumer,Category C,5,50.0,completed
T001383,2026-08-08,L01,consumer,Category B,2,30.0,completed
T001384,2026-08-08,L01,business,Category C,5,65.0,completed
T001385,2026-08-08,L01,business,Category C,1,14.0,completed
T001386,2026-08-08,L02,consumer,Category C,6,144.0,completed
T001387,2026-08-08,L02,consumer,Category C,2,38.0,completed
T001388,2026-08-08,L02,consumer,Category C,6,90.0,completed
T001389,2026-08-08,L02,consumer,Category D,5,40.0,completed
T001390,2026-08-08,L02,consumer,Category D,1,11.0,completed
T001391,2026-08-08,L02,consumer,Category B,2,50.0,completed
T001392,2026-08-08,L02,consumer,Category D,2,40.0,completed
T001393,2026-08-08,L02,consumer,Category D,3,54.0,completed
T001394,2026-08-08,L02,consumer,Category C,3,27.0,completed
T001395,2026-08-08,L02,business,Category D,4,88.0,completed
T001396,2026-08-08,L02,business,Category A,5,100.0,completed
T001397,2026-08-08,L02,consumer,Category A,2,30.0,completed
T001398,2026-08-08,L02,consumer,Category D,4,64.0,completed
T001399,2026-08-08,L02,consumer,Category A,3,63.0,completed
T001400,2026-08-08,L02,consumer,Category B,5,120.0,completed
T001401,2026-08-08,L03,consumer,Category A,1,24.0,completed
T001402,2026-08-08,L03,consumer,Category A,1,25.0,completed
T001403,2026-08-08,L03,business,Category A,6,108.0,completed
T001404,2026-08-08,L03,consumer,Category B,4,32.0,completed
T001405,2026-08-08,L03,consumer,Category A,5,110.0,completed
T001406,2026-08-08,L03,consumer,Category D,4,68.0,completed
T001407,2026-08-08,L03,business,Category B,2,24.0,completed
T001408,2026-08-08,L03,consumer,Category B,5,90.0,completed
T001409,2026-08-08,L03,consumer,Category B,5,120.0,completed
T001410,2026-08-08,L03,consumer,Category D,2,24.0,completed
T001411,2026-08-08,L03,consumer,Category D,1,19.0,completed
T001412,2026-08-08,L03,consumer,Category A,1,12.0,completed
T001413,2026-08-08,L03,business,Category A,2,42.0,completed
T001414,2026-08-08,L03,consumer,Category A,3,33.0,completed
T001415,2026-08-08,L03,consumer,Category B,4,32.0,completed
T001416,2026-08-08,L03,consumer,Category D,1,22.0,completed
T001417,2026-08-08,L03,consumer,Category C,3,36.0,completed
T001418,2026-08-09,L01,business,Category A,1,16.0,completed
T001419,2026-08-09,L01,business,Category D,5,110.0,completed
T001420,2026-08-09,L01,consumer,Category B,2,18.0,completed
T001421,2026-08-09,L01,consumer,Category C,1,24.0,completed
T001422,2026-08-09,L01,consumer,Category B,3,51.0,completed
T001423,2026-08-09,L01,business,Category C,4,36.0,completed
T001424,2026-08-09,L01,consumer,Category A,1,12.0,completed
T001425,2026-08-09,L01,business,Category D,4,88.0,completed
T001426,2026-08-09,L01,business,Category B,3,36.0,completed
T001427,2026-08-09,L01,consumer,Category A,4,84.0,completed
T001428,2026-08-09,L01,consumer,Category C,4,52.0,completed
T001429,2026-08-09,L01,consumer,Category B,3,54.0,completed
T001430,2026-08-09,L01,consumer,Category C,2,44.0,completed
T001431,2026-08-09,L01,consumer,Category D,5,80.0,cancelled
T001432,2026-08-09,L01,consumer,Category C,5,95.0,completed
T001433,2026-08-09,L01,consumer,Category A,2,30.0,completed
T001434,2026-08-09,L01,consumer,Category A,4,52.0,completed
T001435,2026-08-09,L01,business,Category B,6,78.0,completed
T001436,2026-08-09,L01,consumer,Category D,4,60.0,completed
T001437,2026-08-09,L01,business,Category A,1,18.0,completed
T001438,2026-08-09,L02,consumer,Category D,3,54.0,completed
T001439,2026-08-09,L02,consumer,Category C,5,70.0,completed
T001440,2026-08-09,L02,consumer,Category D,2,44.0,completed
T001441,2026-08-09,L02,business,Category C,5,100.0,completed
T001442,2026-08-09,L02,consumer,Category B,6,96.0,completed
T001443,2026-08-09,L02,consumer,Category D,3,27.0,completed
T001444,2026-08-09,L02,business,Category A,4,72.0,completed
T001445,2026-08-09,L02,business,Category A,2,18.0,completed
T001446,2026-08-09,L02,business,Category C,5,40.0,completed
T001447,2026-08-09,L02,consumer,Category D,4,60.0,completed
T001448,2026-08-09,L02,consumer,Category C,5,40.0,completed
T001449,2026-08-09,L02,consumer,Category C,5,100.0,completed
T001450,2026-08-09,L02,consumer,Category A,6,48.0,completed
T001451,2026-08-09,L03,consumer,Category B,3,57.0,completed
T001452,2026-08-09,L03,consumer,Category D,5,60.0,completed
T001453,2026-08-09,L03,consumer,Category C,5,85.0,completed
T001454,2026-08-09,L03,consumer,Category A,2,34.0,completed
T001455,2026-08-09,L03,consumer,Category B,4,80.0,completed
T001456,2026-08-09,L03,business,Category B,3,24.0,completed
T001457,2026-08-09,L03,consumer,Category D,5,45.0,completed
T001458,2026-08-09,L03,consumer,Category B,4,68.0,completed
T001459,2026-08-09,L03,consumer,Category A,1,21.0,completed
T001460,2026-08-09,L03,consumer,Category D,4,56.0,completed
T001461,2026-08-09,L03,consumer,Category B,1,16.0,completed
T001462,2026-08-09,L03,consumer,Category B,1,22.0,completed
T001463,2026-08-09,L03,business,Category D,2,26.0,completed
T001464,2026-08-10,L01,consumer,Category A,5,95.0,completed
T001465,2026-08-10,L01,consumer,Category C,3,33.0,completed
T001466,2026-08-10,L01,consumer,Category D,3,63.0,completed
T001467,2026-08-10,L01,consumer,Category C,5,125.0,cancelled
T001468,2026-08-10,L01,business,Category B,4,96.0,completed
T001469,2026-08-10,L01,business,Category A,6,90.0,cancelled
T001470,2026-08-10,L01,consumer,Category A,3,48.0,completed
T001471,2026-08-10,L01,consumer,Category B,1,9.0,completed
T001472,2026-08-10,L01,consumer,Category D,2,40.0,completed
T001473,2026-08-10,L01,consumer,Category A,6,84.0,completed
T001474,2026-08-10,L01,consumer,Category A,1,14.0,completed
T001475,2026-08-10,L01,business,Category B,1,19.0,completed
T001476,2026-08-10,L01,business,Category D,6,48.0,completed
T001477,2026-08-10,L01,consumer,Category B,5,85.0,completed
T001478,2026-08-10,L01,consumer,Category B,1,18.0,completed
T001479,2026-08-10,L01,consumer,Category C,5,85.0,completed
T001480,2026-08-10,L02,consumer,Category C,5,45.0,completed
T001481,2026-08-10,L02,consumer,Category B,2,34.0,completed
T001482,2026-08-10,L02,consumer,Category C,1,11.0,completed
T001483,2026-08-10,L02,business,Category D,2,42.0,completed
T001484,2026-08-10,L02,consumer,Category C,3,45.0,completed
T001485,2026-08-10,L02,consumer,Category C,3,48.0,completed
T001486,2026-08-10,L02,consumer,Category D,4,72.0,completed
T001487,2026-08-10,L02,consumer,Category C,2,38.0,completed
T001488,2026-08-10,L02,consumer,Category D,4,72.0,completed
T001489,2026-08-10,L02,business,Category B,5,105.0,completed
T001490,2026-08-10,L02,business,Category D,4,100.0,completed
T001491,2026-08-10,L02,consumer,Category D,5,65.0,completed
T001492,2026-08-10,L03,consumer,Category C,2,34.0,completed
T001493,2026-08-10,L03,consumer,Category D,6,66.0,completed
T001494,2026-08-10,L03,consumer,Category B,2,22.0,completed
T001495,2026-08-10,L03,consumer,Category B,3,45.0,completed
T001496,2026-08-10,L03,consumer,Category D,3,33.0,completed
T001497,2026-08-10,L03,consumer,Category B,4,88.0,completed
T001498,2026-08-10,L03,consumer,Category D,4,44.0,completed
T001499,2026-08-10,L03,consumer,Category D,5,40.0,completed
T001500,2026-08-10,L03,business,Category C,6,150.0,completed
T001501,2026-08-10,L03,consumer,Category C,1,16.0,completed
T001502,2026-08-10,L03,consumer,Category D,2,32.0,completed
T001503,2026-08-10,L03,consumer,Category A,6,132.0,completed
T001504,2026-08-10,L03,consumer,Category A,1,22.0,completed
T001505,2026-08-10,L03,consumer,Category C,6,144.0,completed
T001506,2026-08-10,L03,consumer,Category A,3,75.0,completed
T001507,2026-08-10,L03,consumer,Category B,6,120.0,completed
T001508,2026-08-11,L01,consumer,Category D,2,32.0,completed
T001509,2026-08-11,L01,consumer,Category C,4,84.0,completed
T001510,2026-08-11,L01,business,Category D,3,66.0,completed
T001511,2026-08-11,L01,consumer,Category B,3,72.0,completed
T001512,2026-08-11,L01,business,Category C,6,144.0,completed
T001513,2026-08-11,L01,consumer,Category D,1,19.0,completed
T001514,2026-08-11,L01,consumer,Category C,5,85.0,completed
T001515,2026-08-11,L01,consumer,Category A,1,13.0,completed
T001516,2026-08-11,L01,consumer,Category A,1,15.0,completed
T001517,2026-08-11,L01,consumer,Category A,2,50.0,completed
T001518,2026-08-11,L01,consumer,Category C,1,10.0,completed
T001519,2026-08-11,L01,consumer,Category D,2,32.0,completed
T001520,2026-08-11,L01,consumer,Category C,4,48.0,completed
T001521,2026-08-11,L01,consumer,Category B,5,115.0,completed
T001522,2026-08-11,L01,consumer,Category C,1,11.0,completed
T001523,2026-08-11,L01,consumer,Category D,3,30.0,completed
T001524,2026-08-11,L02,consumer,Category D,4,60.0,completed
T001525,2026-08-11,L02,consumer,Category D,2,34.0,completed
T001526,2026-08-11,L02,consumer,Category D,3,39.0,completed
T001527,2026-08-11,L02,consumer,Category B,1,8.0,completed
T001528,2026-08-11,L02,consumer,Category A,4,48.0,completed
T001529,2026-08-11,L02,consumer,Category B,4,92.0,completed
T001530,2026-08-11,L02,consumer,Category A,4,32.0,completed
T001531,2026-08-11,L02,consumer,Category B,6,96.0,completed
T001532,2026-08-11,L02,business,Category D,3,30.0,completed
T001533,2026-08-11,L02,consumer,Category D,2,18.0,completed
T001534,2026-08-11,L02,consumer,Category B,6,102.0,completed
T001535,2026-08-11,L02,business,Category A,5,125.0,completed
T001536,2026-08-11,L02,business,Category A,5,75.0,completed
T001537,2026-08-11,L02,consumer,Category B,4,84.0,completed
T001538,2026-08-11,L02,consumer,Category A,1,16.0,completed
T001539,2026-08-11,L02,consumer,Category C,6,66.0,completed
T001540,2026-08-11,L02,business,Category A,6,120.0,completed
T001541,2026-08-11,L02,business,Category A,5,80.0,completed
T001542,2026-08-11,L03,consumer,Category C,4,44.0,completed
T001543,2026-08-11,L03,consumer,Category D,2,18.0,completed
T001544,2026-08-11,L03,consumer,Category D,3,45.0,completed
T001545,2026-08-11,L03,business,Category C,1,11.0,completed
T001546,2026-08-11,L03,business,Category B,2,34.0,cancelled
T001547,2026-08-11,L03,consumer,Category D,2,48.0,completed
T001548,2026-08-11,L03,business,Category B,2,42.0,completed
T001549,2026-08-11,L03,consumer,Category B,4,36.0,completed
T001550,2026-08-11,L03,consumer,Category B,6,132.0,completed
T001551,2026-08-11,L03,consumer,Category A,1,23.0,completed
T001552,2026-08-11,L03,business,Category A,3,60.0,completed
T001553,2026-08-11,L03,business,Category B,5,70.0,completed
T001554,2026-08-11,L03,consumer,Category D,4,60.0,completed
T001555,2026-08-12,L01,consumer,Category B,6,54.0,completed
T001556,2026-08-12,L01,consumer,Category B,3,69.0,completed
T001557,2026-08-12,L01,consumer,Category C,6,102.0,completed
T001558,2026-08-12,L01,consumer,Category B,5,80.0,completed
T001559,2026-08-12,L01,consumer,Category B,4,100.0,completed
T001560,2026-08-12,L01,consumer,Category B,5,105.0,completed
T001561,2026-08-12,L01,business,Category A,1,11.0,completed
T001562,2026-08-12,L01,business,Category C,2,24.0,completed
T001563,2026-08-12,L01,consumer,Category A,6,90.0,completed
T001564,2026-08-12,L01,consumer,Category D,5,65.0,completed
T001565,2026-08-12,L01,consumer,Category D,6,54.0,completed
T001566,2026-08-12,L01,consumer,Category D,6,54.0,completed
T001567,2026-08-12,L01,business,Category C,3,57.0,completed
T001568,2026-08-12,L01,consumer,Category B,1,9.0,completed
T001569,2026-08-12,L02,consumer,Category C,3,42.0,completed
T001570,2026-08-12,L02,consumer,Category D,3,72.0,completed
T001571,2026-08-12,L02,consumer,Category A,1,20.0,completed
T001572,2026-08-12,L02,consumer,Category A,6,102.0,completed
T001573,2026-08-12,L02,consumer,Category C,2,32.0,completed
T001574,2026-08-12,L02,business,Category D,3,51.0,cancelled
T001575,2026-08-12,L02,business,Category A,2,34.0,completed
T001576,2026-08-12,L02,consumer,Category D,1,9.0,completed
T001577,2026-08-12,L02,consumer,Category A,1,10.0,completed
T001578,2026-08-12,L02,consumer,Category B,1,12.0,completed
T001579,2026-08-12,L02,consumer,Category C,2,42.0,completed
T001580,2026-08-12,L02,consumer,Category C,4,32.0,completed
T001581,2026-08-12,L02,consumer,Category B,6,114.0,completed
T001582,2026-08-12,L02,consumer,Category D,5,105.0,completed
T001583,2026-08-12,L02,consumer,Category B,2,50.0,completed
T001584,2026-08-12,L03,consumer,Category C,6,132.0,completed
T001585,2026-08-12,L03,business,Category C,4,60.0,completed
T001586,2026-08-12,L03,consumer,Category D,1,21.0,completed
T001587,2026-08-12,L03,business,Category B,6,84.0,completed
T001588,2026-08-12,L03,consumer,Category D,2,22.0,completed
T001589,2026-08-12,L03,consumer,Category B,6,102.0,completed
T001590,2026-08-12,L03,consumer,Category C,4,36.0,completed
T001591,2026-08-12,L03,business,Category D,2,20.0,completed
T001592,2026-08-12,L03,consumer,Category B,3,66.0,completed
T001593,2026-08-12,L03,consumer,Category B,1,18.0,completed
T001594,2026-08-12,L03,consumer,Category A,2,16.0,completed
T001595,2026-08-12,L03,consumer,Category C,6,54.0,cancelled
T001596,2026-08-12,L03,consumer,Category C,6,132.0,completed
T001597,2026-08-12,L03,consumer,Category C,4,52.0,completed
T001598,2026-08-12,L03,consumer,Category B,3,75.0,completed
T001599,2026-08-12,L03,consumer,Category A,3,45.0,completed
T001600,2026-08-13,L01,consumer,Category C,4,72.0,completed
T001601,2026-08-13,L01,consumer,Category C,4,100.0,completed
T001602,2026-08-13,L01,business,Category A,4,44.0,completed
T001603,2026-08-13,L01,consumer,Category C,4,36.0,completed
T001604,2026-08-13,L01,consumer,Category A,6,126.0,completed
T001605,2026-08-13,L01,consumer,Category B,1,13.0,completed
T001606,2026-08-13,L01,consumer,Category A,1,22.0,cancelled
T001607,2026-08-13,L01,consumer,Category C,5,40.0,completed
T001608,2026-08-13,L01,consumer,Category B,1,16.0,completed
T001609,2026-08-13,L01,consumer,Category C,4,72.0,completed
T001610,2026-08-13,L01,consumer,Category B,4,64.0,completed
T001611,2026-08-13,L01,consumer,Category A,1,14.0,completed
T001612,2026-08-13,L01,consumer,Category D,1,25.0,completed
T001613,2026-08-13,L01,consumer,Category C,1,21.0,completed
T001614,2026-08-13,L02,consumer,Category A,1,19.0,completed
T001615,2026-08-13,L02,consumer,Category D,2,42.0,completed
T001616,2026-08-13,L02,business,Category B,6,54.0,completed
T001617,2026-08-13,L02,business,Category A,3,30.0,completed
T001618,2026-08-13,L02,business,Category C,5,90.0,completed
T001619,2026-08-13,L02,consumer,Category C,1,16.0,completed
T001620,2026-08-13,L02,consumer,Category B,5,75.0,completed
T001621,2026-08-13,L02,consumer,Category C,4,96.0,completed
T001622,2026-08-13,L02,consumer,Category C,4,92.0,completed
T001623,2026-08-13,L02,consumer,Category D,1,25.0,completed
T001624,2026-08-13,L02,consumer,Category A,5,100.0,completed
T001625,2026-08-13,L02,consumer,Category B,1,25.0,completed
T001626,2026-08-13,L02,consumer,Category D,6,108.0,completed
T001627,2026-08-13,L02,consumer,Category C,4,56.0,completed
T001628,2026-08-13,L02,consumer,Category D,5,75.0,completed
T001629,2026-08-13,L02,business,Category D,2,44.0,completed
T001630,2026-08-13,L02,consumer,Category B,4,80.0,completed
T001631,2026-08-13,L03,consumer,Category D,1,10.0,completed
T001632,2026-08-13,L03,consumer,Category A,3,48.0,completed
T001633,2026-08-13,L03,consumer,Category D,6,72.0,completed
T001634,2026-08-13,L03,consumer,Category D,1,16.0,completed
T001635,2026-08-13,L03,consumer,Category B,2,26.0,completed
T001636,2026-08-13,L03,consumer,Category B,3,72.0,completed
T001637,2026-08-13,L03,consumer,Category D,5,100.0,completed
T001638,2026-08-13,L03,consumer,Category B,6,150.0,completed
T001639,2026-08-13,L03,consumer,Category A,2,50.0,completed
T001640,2026-08-13,L03,consumer,Category C,3,72.0,completed
T001641,2026-08-13,L03,consumer,Category A,5,40.0,completed
T001642,2026-08-13,L03,business,Category B,4,52.0,completed
T001643,2026-08-13,L03,consumer,Category D,5,80.0,completed
T001644,2026-08-13,L03,consumer,Category C,1,11.0,completed
T001645,2026-08-13,L03,business,Category D,5,110.0,completed
T001646,2026-08-13,L03,consumer,Category A,2,32.0,completed
T001647,2026-08-13,L03,consumer,Category B,5,55.0,completed
T001648,2026-08-13,L03,consumer,Category A,1,16.0,completed
T001649,2026-08-13,L03,consumer,Category C,5,120.0,completed
T001650,2026-08-14,L01,consumer,Category A,1,20.0,completed
T001651,2026-08-14,L01,consumer,Category B,3,51.0,completed
T001652,2026-08-14,L01,business,Category A,4,40.0,completed
T001653,2026-08-14,L01,consumer,Category B,5,95.0,cancelled
T001654,2026-08-14,L01,consumer,Category A,5,95.0,completed
T001655,2026-08-14,L01,consumer,Category D,3,66.0,completed
T001656,2026-08-14,L01,consumer,Category D,6,90.0,completed
T001657,2026-08-14,L01,consumer,Category A,5,105.0,completed
T001658,2026-08-14,L01,consumer,Category B,4,100.0,completed
T001659,2026-08-14,L01,consumer,Category B,5,110.0,completed
T001660,2026-08-14,L01,consumer,Category A,2,36.0,completed
T001661,2026-08-14,L01,consumer,Category B,4,68.0,completed
T001662,2026-08-14,L01,consumer,Category B,4,64.0,completed
T001663,2026-08-14,L02,consumer,Category B,5,50.0,completed
T001664,2026-08-14,L02,consumer,Category A,2,28.0,completed
T001665,2026-08-14,L02,consumer,Category B,6,60.0,completed
T001666,2026-08-14,L02,consumer,Category C,3,27.0,completed
T001667,2026-08-14,L02,consumer,Category C,4,72.0,completed
T001668,2026-08-14,L02,consumer,Category A,6,90.0,completed
T001669,2026-08-14,L02,consumer,Category A,4,60.0,completed
T001670,2026-08-14,L02,consumer,Category C,2,28.0,completed
T001671,2026-08-14,L02,consumer,Category A,6,84.0,completed
T001672,2026-08-14,L02,consumer,Category A,6,72.0,completed
T001673,2026-08-14,L02,consumer,Category D,5,90.0,completed
T001674,2026-08-14,L02,consumer,Category B,3,48.0,completed
T001675,2026-08-14,L02,consumer,Category A,2,22.0,completed
T001676,2026-08-14,L02,consumer,Category A,1,13.0,completed
T001677,2026-08-14,L02,consumer,Category D,1,25.0,completed
T001678,2026-08-14,L02,consumer,Category C,5,75.0,completed
T001679,2026-08-14,L02,consumer,Category D,3,75.0,completed
T001680,2026-08-14,L02,consumer,Category A,5,100.0,completed
T001681,2026-08-14,L02,consumer,Category A,4,96.0,completed
T001682,2026-08-14,L03,consumer,Category D,5,110.0,completed
T001683,2026-08-14,L03,consumer,Category A,3,54.0,completed
T001684,2026-08-14,L03,business,Category A,4,68.0,completed
T001685,2026-08-14,L03,consumer,Category C,5,65.0,completed
T001686,2026-08-14,L03,consumer,Category A,4,64.0,completed
T001687,2026-08-14,L03,business,Category D,6,90.0,completed
T001688,2026-08-14,L03,business,Category C,2,50.0,completed
T001689,2026-08-14,L03,consumer,Category C,2,34.0,completed
T001690,2026-08-14,L03,consumer,Category A,6,102.0,completed
T001691,2026-08-14,L03,consumer,Category C,2,26.0,completed
T001692,2026-08-14,L03,consumer,Category C,1,18.0,completed
T001693,2026-08-14,L03,consumer,Category C,2,32.0,completed
T001694,2026-08-14,L03,consumer,Category C,4,60.0,completed
T001695,2026-08-14,L03,consumer,Category A,2,40.0,completed
T001696,2026-08-14,L03,consumer,Category D,1,25.0,completed
T001697,2026-08-14,L03,consumer,Category A,4,64.0,completed
T001698,2026-08-14,L03,consumer,Category D,6,66.0,completed
T001699,2026-08-14,L03,consumer,Category A,1,19.0,completed
T001700,2026-08-14,L03,business,Category A,3,30.0,completed
T001701,2026-08-15,L01,consumer,Category D,4,72.0,completed
T001702,2026-08-15,L01,business,Category C,5,40.0,completed
T001703,2026-08-15,L01,consumer,Category D,2,36.0,completed
T001704,2026-08-15,L01,consumer,Category A,6,78.0,completed
T001705,2026-08-15,L01,business,Category B,5,85.0,completed
T001706,2026-08-15,L01,business,Category A,3,24.0,completed
T001707,2026-08-15,L01,consumer,Category B,3,27.0,completed
T001708,2026-08-15,L01,consumer,Category B,3,57.0,completed
T001709,2026-08-15,L01,consumer,Category D,4,44.0,completed
T001710,2026-08-15,L01,business,Category D,3,75.0,completed
T001711,2026-08-15,L01,consumer,Category A,1,25.0,completed
T001712,2026-08-15,L01,consumer,Category C,1,24.0,completed
T001713,2026-08-15,L01,consumer,Category D,3,24.0,completed
T001714,2026-08-15,L02,consumer,Category C,2,30.0,completed
T001715,2026-08-15,L02,consumer,Category A,4,96.0,completed
T001716,2026-08-15,L02,consumer,Category D,2,30.0,completed
T001717,2026-08-15,L02,consumer,Category B,6,78.0,completed
T001718,2026-08-15,L02,consumer,Category C,1,21.0,completed
T001719,2026-08-15,L02,business,Category C,3,54.0,completed
T001720,2026-08-15,L02,consumer,Category B,2,48.0,completed
T001721,2026-08-15,L02,consumer,Category D,1,15.0,completed
T001722,2026-08-15,L02,business,Category B,4,68.0,completed
T001723,2026-08-15,L02,consumer,Category D,2,18.0,completed
T001724,2026-08-15,L02,consumer,Category A,2,42.0,completed
T001725,2026-08-15,L02,consumer,Category A,3,54.0,completed
T001726,2026-08-15,L02,consumer,Category A,3,33.0,completed
T001727,2026-08-15,L02,business,Category C,3,63.0,completed
T001728,2026-08-15,L03,consumer,Category D,4,48.0,completed
T001729,2026-08-15,L03,consumer,Category C,5,50.0,completed
T001730,2026-08-15,L03,consumer,Category B,3,66.0,completed
T001731,2026-08-15,L03,consumer,Category A,3,60.0,completed
T001732,2026-08-15,L03,consumer,Category A,5,40.0,completed
T001733,2026-08-15,L03,consumer,Category A,4,40.0,completed
T001734,2026-08-15,L03,consumer,Category A,2,18.0,completed
T001735,2026-08-15,L03,consumer,Category D,4,80.0,completed
T001736,2026-08-15,L03,consumer,Category A,3,45.0,completed
T001737,2026-08-15,L03,consumer,Category C,3,54.0,completed
T001738,2026-08-15,L03,consumer,Category C,5,70.0,completed
T001739,2026-08-15,L03,consumer,Category D,6,90.0,completed
T001740,2026-08-15,L03,consumer,Category B,3,51.0,completed
T001741,2026-08-15,L03,business,Category B,4,80.0,completed
T001742,2026-08-15,L03,consumer,Category D,1,12.0,completed
T001743,2026-08-15,L03,consumer,Category C,2,22.0,completed
T001744,2026-08-16,L01,consumer,Category C,4,76.0,completed
T001745,2026-08-16,L01,consumer,Category B,1,16.0,completed
T001746,2026-08-16,L01,consumer,Category C,2,18.0,completed
T001747,2026-08-16,L01,consumer,Category A,3,30.0,completed
T001748,2026-08-16,L01,consumer,Category A,4,32.0,completed
T001749,2026-08-16,L01,consumer,Category C,6,108.0,completed
T001750,2026-08-16,L01,consumer,Category B,3,57.0,completed
T001751,2026-08-16,L01,consumer,Category C,3,24.0,completed
T001752,2026-08-16,L01,business,Category A,2,22.0,completed
T001753,2026-08-16,L01,consumer,Category A,3,69.0,completed
T001754,2026-08-16,L01,consumer,Category B,1,19.0,completed
T001755,2026-08-16,L01,consumer,Category C,2,40.0,completed
T001756,2026-08-16,L01,consumer,Category A,3,39.0,completed
T001757,2026-08-16,L01,consumer,Category B,3,33.0,completed
T001758,2026-08-16,L01,consumer,Category B,6,114.0,completed
T001759,2026-08-16,L01,business,Category A,6,132.0,completed
T001760,2026-08-16,L01,consumer,Category A,2,16.0,completed
T001761,2026-08-16,L01,consumer,Category A,2,50.0,completed
T001762,2026-08-16,L01,business,Category D,3,45.0,completed
T001763,2026-08-16,L01,business,Category D,5,90.0,completed
T001764,2026-08-16,L02,business,Category C,2,26.0,completed
T001765,2026-08-16,L02,consumer,Category D,1,18.0,completed
T001766,2026-08-16,L02,consumer,Category C,6,48.0,cancelled
T001767,2026-08-16,L02,consumer,Category B,3,42.0,completed
T001768,2026-08-16,L02,consumer,Category C,6,138.0,completed
T001769,2026-08-16,L02,consumer,Category A,6,90.0,completed
T001770,2026-08-16,L02,consumer,Category C,5,110.0,completed
T001771,2026-08-16,L02,consumer,Category D,6,150.0,completed
T001772,2026-08-16,L02,consumer,Category C,2,42.0,completed
T001773,2026-08-16,L02,consumer,Category B,3,48.0,completed
T001774,2026-08-16,L02,consumer,Category A,3,60.0,completed
T001775,2026-08-16,L02,consumer,Category A,1,15.0,completed
T001776,2026-08-16,L02,consumer,Category D,4,32.0,completed
T001777,2026-08-16,L02,consumer,Category A,4,88.0,completed
T001778,2026-08-16,L02,consumer,Category B,4,88.0,completed
T001779,2026-08-16,L03,consumer,Category D,4,72.0,completed
T001780,2026-08-16,L03,consumer,Category C,1,11.0,completed
T001781,2026-08-16,L03,consumer,Category A,4,88.0,completed
T001782,2026-08-16,L03,consumer,Category D,3,51.0,completed
T001783,2026-08-16,L03,consumer,Category D,4,96.0,completed
T001784,2026-08-16,L03,consumer,Category C,3,48.0,completed
T001785,2026-08-16,L03,consumer,Category A,6,132.0,completed
T001786,2026-08-16,L03,consumer,Category D,3,54.0,completed
T001787,2026-08-16,L03,consumer,Category A,4,48.0,completed
T001788,2026-08-16,L03,business,Category D,6,60.0,completed
T001789,2026-08-16,L03,consumer,Category D,3,33.0,completed
T001790,2026-08-16,L03,consumer,Category C,1,22.0,completed
T001791,2026-08-17,L01,business,Category B,4,76.0,completed
T001792,2026-08-17,L01,business,Category A,2,20.0,completed
T001793,2026-08-17,L01,consumer,Category C,1,18.0,completed
T001794,2026-08-17,L01,consumer,Category B,1,17.0,completed
T001795,2026-08-17,L01,business,Category C,5,120.0,completed
T001796,2026-08-17,L01,consumer,Category D,5,45.0,completed
T001797,2026-08-17,L01,consumer,Category B,3,24.0,completed
T001798,2026-08-17,L01,consumer,Category D,6,108.0,completed
T001799,2026-08-17,L01,consumer,Category B,2,18.0,completed
T001800,2026-08-17,L01,consumer,Category A,5,110.0,cancelled
T001801,2026-08-17,L01,consumer,Category D,2,38.0,completed
T001802,2026-08-17,L01,business,Category D,4,84.0,completed
T001803,2026-08-17,L02,consumer,Category A,6,150.0,completed
T001804,2026-08-17,L02,consumer,Category A,6,84.0,completed
T001805,2026-08-17,L02,consumer,Category A,5,70.0,completed
T001806,2026-08-17,L02,consumer,Category C,2,40.0,completed
T001807,2026-08-17,L02,consumer,Category D,4,72.0,completed
T001808,2026-08-17,L02,consumer,Category C,1,23.0,completed
T001809,2026-08-17,L02,consumer,Category A,3,27.0,completed
T001810,2026-08-17,L02,consumer,Category C,1,20.0,completed
T001811,2026-08-17,L02,consumer,Category B,5,100.0,completed
T001812,2026-08-17,L02,consumer,Category B,1,25.0,completed
T001813,2026-08-17,L02,consumer,Category D,1,13.0,completed
T001814,2026-08-17,L02,consumer,Category D,4,36.0,completed
T001815,2026-08-17,L02,consumer,Category D,1,10.0,completed
T001816,2026-08-17,L02,consumer,Category A,2,30.0,completed
T001817,2026-08-17,L02,consumer,Category B,6,90.0,completed
T001818,2026-08-17,L02,consumer,Category A,6,150.0,completed
T001819,2026-08-17,L03,consumer,Category A,2,28.0,completed
T001820,2026-08-17,L03,business,Category C,1,9.0,completed
T001821,2026-08-17,L03,business,Category A,1,11.0,completed
T001822,2026-08-17,L03,consumer,Category D,4,84.0,completed
T001823,2026-08-17,L03,consumer,Category B,2,40.0,completed
T001824,2026-08-17,L03,business,Category B,3,24.0,completed
T001825,2026-08-17,L03,consumer,Category A,5,75.0,completed
T001826,2026-08-17,L03,consumer,Category A,2,48.0,cancelled
T001827,2026-08-17,L03,consumer,Category D,4,76.0,completed
T001828,2026-08-17,L03,consumer,Category C,6,114.0,completed
T001829,2026-08-17,L03,consumer,Category D,3,33.0,completed
T001830,2026-08-17,L03,consumer,Category B,4,80.0,completed
T001831,2026-08-17,L03,consumer,Category D,3,54.0,completed
T001832,2026-08-17,L03,consumer,Category B,1,13.0,completed
T001833,2026-08-17,L03,consumer,Category A,5,65.0,completed
T001834,2026-08-17,L03,consumer,Category B,3,48.0,cancelled
T001835,2026-08-18,L01,consumer,Category A,1,24.0,completed
T001836,2026-08-18,L01,consumer,Category B,5,100.0,completed
T001837,2026-08-18,L01,consumer,Category C,4,48.0,completed
T001838,2026-08-18,L01,consumer,Category D,1,20.0,completed
T001839,2026-08-18,L01,consumer,Category C,5,75.0,completed
T001840,2026-08-18,L01,consumer,Category B,4,68.0,completed
T001841,2026-08-18,L01,consumer,Category D,2,32.0,completed
T001842,2026-08-18,L01,consumer,Category A,6,78.0,completed
T001843,2026-08-18,L01,business,Category B,1,10.0,completed
T001844,2026-08-18,L01,consumer,Category C,1,24.0,completed
T001845,2026-08-18,L01,consumer,Category C,5,115.0,completed
T001846,2026-08-18,L01,business,Category C,3,66.0,completed
T001847,2026-08-18,L02,business,Category C,2,42.0,completed
T001848,2026-08-18,L02,consumer,Category A,2,40.0,completed
T001849,2026-08-18,L02,consumer,Category D,3,60.0,completed
T001850,2026-08-18,L02,consumer,Category B,2,26.0,completed
T001851,2026-08-18,L02,consumer,Category C,5,110.0,completed
T001852,2026-08-18,L02,business,Category D,5,55.0,completed
T001853,2026-08-18,L02,consumer,Category A,1,12.0,completed
T001854,2026-08-18,L02,consumer,Category A,3,66.0,completed
T001855,2026-08-18,L02,consumer,Category B,6,60.0,completed
T001856,2026-08-18,L02,consumer,Category D,5,70.0,completed
T001857,2026-08-18,L02,consumer,Category A,2,38.0,completed
T001858,2026-08-18,L02,consumer,Category B,1,21.0,completed
T001859,2026-08-18,L02,consumer,Category B,6,96.0,completed
T001860,2026-08-18,L02,consumer,Category C,4,36.0,completed
T001861,2026-08-18,L02,consumer,Category D,2,22.0,completed
T001862,2026-08-18,L03,consumer,Category C,4,80.0,completed
T001863,2026-08-18,L03,business,Category C,5,65.0,completed
T001864,2026-08-18,L03,consumer,Category C,1,9.0,completed
T001865,2026-08-18,L03,business,Category D,4,92.0,completed
T001866,2026-08-18,L03,consumer,Category C,2,36.0,completed
T001867,2026-08-18,L03,consumer,Category C,4,32.0,completed
T001868,2026-08-18,L03,consumer,Category D,3,48.0,completed
T001869,2026-08-18,L03,consumer,Category B,1,19.0,completed
T001870,2026-08-18,L03,consumer,Category B,6,120.0,completed
T001871,2026-08-18,L03,consumer,Category A,4,44.0,completed
T001872,2026-08-18,L03,consumer,Category C,5,95.0,completed
T001873,2026-08-18,L03,business,Category D,6,90.0,completed
T001874,2026-08-18,L03,business,Category D,4,84.0,completed
T001875,2026-08-18,L03,consumer,Category C,2,46.0,completed
T001876,2026-08-18,L03,consumer,Category D,1,13.0,completed
T001877,2026-08-18,L03,consumer,Category A,4,48.0,completed
T001878,2026-08-18,L03,business,Category A,1,11.0,completed
T001879,2026-08-18,L03,consumer,Category B,5,95.0,completed
T001880,2026-08-18,L03,consumer,Category B,6,120.0,completed
T001881,2026-08-19,L01,consumer,Category B,5,125.0,completed
T001882,2026-08-19,L01,consumer,Category A,3,33.0,completed
T001883,2026-08-19,L01,consumer,Category C,1,18.0,completed
T001884,2026-08-19,L01,consumer,Category D,4,76.0,completed
T001885,2026-08-19,L01,consumer,Category C,4,96.0,completed
T001886,2026-08-19,L01,consumer,Category A,4,84.0,completed
T001887,2026-08-19,L01,consumer,Category D,3,69.0,completed
T001888,2026-08-19,L01,consumer,Category A,1,15.0,completed
T001889,2026-08-19,L01,consumer,Category B,2,30.0,completed
T001890,2026-08-19,L01,consumer,Category C,3,66.0,completed
T001891,2026-08-19,L01,consumer,Category B,2,44.0,completed
T001892,2026-08-19,L01,business,Category A,1,25.0,completed
T001893,2026-08-19,L01,consumer,Category B,5,65.0,completed
T001894,2026-08-19,L01,consumer,Category A,5,45.0,completed
T001895,2026-08-19,L01,consumer,Category A,3,75.0,completed
T001896,2026-08-19,L01,consumer,Category A,1,8.0,completed
T001897,2026-08-19,L02,business,Category A,5,40.0,completed
T001898,2026-08-19,L02,consumer,Category C,6,96.0,completed
T001899,2026-08-19,L02,consumer,Category B,2,46.0,completed
T001900,2026-08-19,L02,consumer,Category A,3,48.0,completed
T001901,2026-08-19,L02,consumer,Category C,6,108.0,completed
T001902,2026-08-19,L02,consumer,Category A,4,32.0,completed
T001903,2026-08-19,L02,consumer,Category A,6,66.0,completed
T001904,2026-08-19,L02,consumer,Category C,1,14.0,completed
T001905,2026-08-19,L02,consumer,Category C,3,66.0,completed
T001906,2026-08-19,L02,consumer,Category D,4,44.0,completed
T001907,2026-08-19,L02,consumer,Category C,2,26.0,completed
T001908,2026-08-19,L02,consumer,Category A,5,45.0,completed
T001909,2026-08-19,L02,consumer,Category C,1,21.0,completed
T001910,2026-08-19,L03,consumer,Category B,4,44.0,completed
T001911,2026-08-19,L03,consumer,Category D,6,54.0,completed
T001912,2026-08-19,L03,consumer,Category C,4,48.0,completed
T001913,2026-08-19,L03,consumer,Category C,6,60.0,completed
T001914,2026-08-19,L03,consumer,Category D,2,22.0,completed
T001915,2026-08-19,L03,consumer,Category D,4,56.0,completed
T001916,2026-08-19,L03,business,Category C,3,24.0,completed
T001917,2026-08-19,L03,consumer,Category C,2,36.0,completed
T001918,2026-08-19,L03,consumer,Category D,3,75.0,completed
T001919,2026-08-19,L03,consumer,Category A,3,57.0,completed
T001920,2026-08-19,L03,consumer,Category B,5,50.0,completed
T001921,2026-08-19,L03,business,Category A,5,75.0,completed
T001922,2026-08-19,L03,consumer,Category C,3,24.0,completed
T001923,2026-08-19,L03,consumer,Category A,5,70.0,completed
T001924,2026-08-19,L03,consumer,Category A,6,78.0,completed
T001925,2026-08-19,L03,consumer,Category C,5,45.0,completed
T001926,2026-08-20,L01,consumer,Category A,3,54.0,completed
T001927,2026-08-20,L01,consumer,Category B,2,40.0,completed
T001928,2026-08-20,L01,consumer,Category D,4,100.0,completed
T001929,2026-08-20,L01,consumer,Category C,6,90.0,completed
T001930,2026-08-20,L01,consumer,Category A,5,90.0,completed
T001931,2026-08-20,L01,consumer,Category B,2,24.0,completed
T001932,2026-08-20,L01,consumer,Category A,1,10.0,completed
T001933,2026-08-20,L01,consumer,Category B,3,27.0,completed
T001934,2026-08-20,L01,consumer,Category C,2,24.0,completed
T001935,2026-08-20,L01,consumer,Category B,5,105.0,completed
T001936,2026-08-20,L01,consumer,Category D,6,72.0,cancelled
T001937,2026-08-20,L01,consumer,Category C,5,125.0,cancelled
T001938,2026-08-20,L02,consumer,Category B,6,96.0,completed
T001939,2026-08-20,L02,consumer,Category B,1,22.0,completed
T001940,2026-08-20,L02,consumer,Category D,5,50.0,completed
T001941,2026-08-20,L02,consumer,Category D,3,42.0,completed
T001942,2026-08-20,L02,consumer,Category B,1,9.0,completed
T001943,2026-08-20,L02,consumer,Category C,6,144.0,completed
T001944,2026-08-20,L02,consumer,Category A,4,80.0,completed
T001945,2026-08-20,L02,consumer,Category A,2,24.0,completed
T001946,2026-08-20,L02,consumer,Category C,4,96.0,completed
T001947,2026-08-20,L02,consumer,Category A,3,54.0,completed
T001948,2026-08-20,L02,business,Category D,3,36.0,completed
T001949,2026-08-20,L02,consumer,Category C,4,76.0,completed
T001950,2026-08-20,L02,consumer,Category C,6,150.0,completed
T001951,2026-08-20,L02,consumer,Category C,2,38.0,completed
T001952,2026-08-20,L02,consumer,Category D,2,18.0,completed
T001953,2026-08-20,L02,consumer,Category B,2,40.0,completed
T001954,2026-08-20,L03,consumer,Category D,5,50.0,completed
T001955,2026-08-20,L03,consumer,Category B,5,40.0,completed
T001956,2026-08-20,L03,consumer,Category A,3,33.0,completed
T001957,2026-08-20,L03,consumer,Category B,1,16.0,completed
T001958,2026-08-20,L03,business,Category A,6,66.0,completed
T001959,2026-08-20,L03,consumer,Category A,5,70.0,completed
T001960,2026-08-20,L03,consumer,Category D,3,60.0,completed
T001961,2026-08-20,L03,consumer,Category C,5,120.0,completed
T001962,2026-08-20,L03,consumer,Category A,1,22.0,completed
T001963,2026-08-20,L03,consumer,Category A,5,85.0,completed
T001964,2026-08-20,L03,consumer,Category C,1,17.0,completed
T001965,2026-08-20,L03,consumer,Category B,6,54.0,completed
T001966,2026-08-21,L01,business,Category D,3,45.0,completed
T001967,2026-08-21,L01,consumer,Category B,1,11.0,completed
T001968,2026-08-21,L01,consumer,Category D,4,36.0,completed
T001969,2026-08-21,L01,consumer,Category B,6,72.0,completed
T001970,2026-08-21,L01,consumer,Category C,6,150.0,completed
T001971,2026-08-21,L01,consumer,Category B,1,18.0,completed
T001972,2026-08-21,L01,consumer,Category B,1,22.0,completed
T001973,2026-08-21,L01,consumer,Category D,6,54.0,completed
T001974,2026-08-21,L01,consumer,Category A,4,36.0,completed
T001975,2026-08-21,L01,consumer,Category C,3,57.0,completed
T001976,2026-08-21,L01,consumer,Category D,5,80.0,completed
T001977,2026-08-21,L01,consumer,Category D,5,115.0,completed
T001978,2026-08-21,L01,consumer,Category B,6,90.0,completed
T001979,2026-08-21,L01,consumer,Category C,4,60.0,completed
T001980,2026-08-21,L01,consumer,Category A,2,30.0,completed
T001981,2026-08-21,L01,consumer,Category C,2,24.0,completed
T001982,2026-08-21,L02,business,Category A,1,16.0,completed
T001983,2026-08-21,L02,consumer,Category C,2,22.0,completed
T001984,2026-08-21,L02,business,Category D,5,105.0,completed
T001985,2026-08-21,L02,consumer,Category C,3,42.0,completed
T001986,2026-08-21,L02,consumer,Category D,6,102.0,completed
T001987,2026-08-21,L02,business,Category A,6,96.0,completed
T001988,2026-08-21,L02,consumer,Category C,2,28.0,completed
T001989,2026-08-21,L02,consumer,Category A,2,38.0,completed
T001990,2026-08-21,L02,business,Category B,5,90.0,completed
T001991,2026-08-21,L02,consumer,Category A,5,70.0,completed
T001992,2026-08-21,L02,consumer,Category B,2,44.0,completed
T001993,2026-08-21,L02,consumer,Category C,4,36.0,completed
T001994,2026-08-21,L02,business,Category B,3,33.0,completed
T001995,2026-08-21,L03,consumer,Category D,3,66.0,completed
T001996,2026-08-21,L03,consumer,Category B,6,150.0,completed
T001997,2026-08-21,L03,consumer,Category C,4,96.0,completed
T001998,2026-08-21,L03,consumer,Category A,6,54.0,completed
T001999,2026-08-21,L03,business,Category A,1,10.0,completed
T002000,2026-08-21,L03,consumer,Category B,1,23.0,completed
T002001,2026-08-21,L03,business,Category B,4,36.0,completed
T002002,2026-08-21,L03,business,Category C,1,9.0,completed
T002003,2026-08-21,L03,consumer,Category D,3,30.0,completed
T002004,2026-08-21,L03,consumer,Category C,1,25.0,completed
T002005,2026-08-21,L03,business,Category B,1,25.0,completed
T002006,2026-08-21,L03,business,Category C,3,72.0,completed
T002007,2026-08-21,L03,consumer,Category D,4,96.0,completed
T002008,2026-08-21,L03,business,Category D,3,66.0,completed
T002009,2026-08-21,L03,consumer,Category A,2,20.0,completed
T002010,2026-08-22,L01,consumer,Category B,2,20.0,completed
T002011,2026-08-22,L01,business,Category D,3,30.0,completed
T002012,2026-08-22,L01,business,Category D,4,32.0,completed
T002013,2026-08-22,L01,consumer,Category A,1,21.0,completed
T002014,2026-08-22,L01,consumer,Category A,3,39.0,completed
T002015,2026-08-22,L01,consumer,Category A,2,48.0,completed
T002016,2026-08-22,L01,consumer,Category C,6,48.0,completed
T002017,2026-08-22,L01,business,Category A,1,23.0,completed
T002018,2026-08-22,L01,consumer,Category B,3,60.0,completed
T002019,2026-08-22,L01,business,Category C,6,138.0,completed
T002020,2026-08-22,L01,consumer,Category D,1,10.0,completed
T002021,2026-08-22,L01,consumer,Category A,1,17.0,completed
T002022,2026-08-22,L01,consumer,Category A,4,40.0,completed
T002023,2026-08-22,L01,consumer,Category B,2,48.0,completed
T002024,2026-08-22,L01,consumer,Category A,4,64.0,completed
T002025,2026-08-22,L02,consumer,Category C,5,55.0,completed
T002026,2026-08-22,L02,consumer,Category D,4,96.0,completed
T002027,2026-08-22,L02,consumer,Category C,1,24.0,completed
T002028,2026-08-22,L02,business,Category D,4,72.0,completed
T002029,2026-08-22,L02,consumer,Category D,5,125.0,completed
T002030,2026-08-22,L02,consumer,Category C,1,16.0,completed
T002031,2026-08-22,L02,business,Category D,4,36.0,completed
T002032,2026-08-22,L02,consumer,Category A,6,132.0,completed
T002033,2026-08-22,L02,consumer,Category A,1,16.0,completed
T002034,2026-08-22,L02,consumer,Category C,1,11.0,completed
T002035,2026-08-22,L02,consumer,Category A,6,126.0,completed
T002036,2026-08-22,L02,consumer,Category D,2,32.0,completed
T002037,2026-08-22,L02,consumer,Category A,1,21.0,completed
T002038,2026-08-22,L02,consumer,Category B,6,72.0,completed
T002039,2026-08-22,L03,consumer,Category A,3,33.0,completed
T002040,2026-08-22,L03,consumer,Category A,5,55.0,completed
T002041,2026-08-22,L03,business,Category D,5,65.0,completed
T002042,2026-08-22,L03,consumer,Category C,1,15.0,completed
T002043,2026-08-22,L03,consumer,Category D,1,25.0,completed
T002044,2026-08-22,L03,consumer,Category D,2,48.0,completed
T002045,2026-08-22,L03,business,Category B,5,125.0,completed
T002046,2026-08-22,L03,consumer,Category B,6,150.0,completed
T002047,2026-08-22,L03,consumer,Category C,4,40.0,completed
T002048,2026-08-22,L03,business,Category C,6,150.0,completed
T002049,2026-08-22,L03,consumer,Category A,5,55.0,completed
T002050,2026-08-22,L03,consumer,Category B,6,102.0,completed
T002051,2026-08-22,L03,consumer,Category A,5,65.0,completed
T002052,2026-08-22,L03,business,Category D,2,48.0,completed
T002053,2026-08-23,L01,consumer,Category A,5,120.0,completed
T002054,2026-08-23,L01,consumer,Category B,4,48.0,completed
T002055,2026-08-23,L01,consumer,Category C,2,46.0,completed
T002056,2026-08-23,L01,consumer,Category A,3,57.0,completed
T002057,2026-08-23,L01,consumer,Category A,2,36.0,completed
T002058,2026-08-23,L01,consumer,Category A,2,38.0,completed
T002059,2026-08-23,L01,consumer,Category A,3,60.0,completed
T002060,2026-08-23,L01,consumer,Category C,3,39.0,cancelled
T002061,2026-08-23,L01,consumer,Category A,6,96.0,completed
T002062,2026-08-23,L01,consumer,Category C,6,54.0,completed
T002063,2026-08-23,L01,consumer,Category D,2,26.0,completed
T002064,2026-08-23,L01,consumer,Category A,4,64.0,completed
T002065,2026-08-23,L01,consumer,Category A,4,52.0,completed
T002066,2026-08-23,L01,consumer,Category C,1,16.0,completed
T002067,2026-08-23,L01,consumer,Category D,2,40.0,completed
T002068,2026-08-23,L01,consumer,Category D,2,34.0,completed
T002069,2026-08-23,L01,consumer,Category B,4,76.0,completed
T002070,2026-08-23,L01,business,Category D,5,90.0,completed
T002071,2026-08-23,L01,business,Category A,1,11.0,completed
T002072,2026-08-23,L01,consumer,Category B,6,66.0,completed
T002073,2026-08-23,L02,consumer,Category D,4,60.0,completed
T002074,2026-08-23,L02,consumer,Category C,1,9.0,completed
T002075,2026-08-23,L02,consumer,Category D,2,30.0,completed
T002076,2026-08-23,L02,consumer,Category C,3,27.0,completed
T002077,2026-08-23,L02,consumer,Category D,1,12.0,completed
T002078,2026-08-23,L02,consumer,Category A,5,45.0,completed
T002079,2026-08-23,L02,consumer,Category C,3,24.0,completed
T002080,2026-08-23,L02,consumer,Category D,1,21.0,completed
T002081,2026-08-23,L02,consumer,Category D,5,115.0,completed
T002082,2026-08-23,L02,consumer,Category B,4,100.0,completed
T002083,2026-08-23,L02,consumer,Category B,3,42.0,completed
T002084,2026-08-23,L02,business,Category B,3,48.0,completed
T002085,2026-08-23,L02,consumer,Category D,4,68.0,completed
T002086,2026-08-23,L02,consumer,Category B,5,45.0,completed
T002087,2026-08-23,L02,consumer,Category C,4,64.0,completed
T002088,2026-08-23,L02,consumer,Category C,5,75.0,completed
T002089,2026-08-23,L02,consumer,Category A,2,36.0,completed
T002090,2026-08-23,L02,consumer,Category B,6,60.0,completed
T002091,2026-08-23,L02,consumer,Category C,4,68.0,completed
T002092,2026-08-23,L02,consumer,Category D,5,105.0,completed
T002093,2026-08-23,L02,consumer,Category D,6,150.0,completed
T002094,2026-08-23,L03,consumer,Category B,1,24.0,completed
T002095,2026-08-23,L03,consumer,Category A,2,26.0,completed
T002096,2026-08-23,L03,consumer,Category D,5,65.0,completed
T002097,2026-08-23,L03,business,Category C,4,48.0,completed
T002098,2026-08-23,L03,consumer,Category B,6,138.0,completed
T002099,2026-08-23,L03,consumer,Category A,3,36.0,completed
T002100,2026-08-23,L03,consumer,Category D,2,26.0,completed
T002101,2026-08-23,L03,consumer,Category A,5,120.0,completed
T002102,2026-08-23,L03,consumer,Category C,4,48.0,completed
T002103,2026-08-23,L03,business,Category B,5,90.0,completed
T002104,2026-08-23,L03,consumer,Category B,2,24.0,completed
T002105,2026-08-23,L03,consumer,Category B,5,40.0,completed
T002106,2026-08-23,L03,consumer,Category D,6,126.0,completed
T002107,2026-08-23,L03,consumer,Category C,6,132.0,completed
T002108,2026-08-23,L03,consumer,Category A,5,120.0,completed
T002109,2026-08-23,L03,business,Category B,5,70.0,completed
T002110,2026-08-23,L03,consumer,Category D,3,42.0,completed
T002111,2026-08-23,L03,consumer,Category C,6,96.0,completed
T002112,2026-08-24,L01,consumer,Category B,1,14.0,completed
T002113,2026-08-24,L01,business,Category B,2,44.0,completed
T002114,2026-08-24,L01,consumer,Category C,2,36.0,completed
T002115,2026-08-24,L01,consumer,Category A,2,48.0,cancelled
T002116,2026-08-24,L01,consumer,Category C,1,14.0,completed
T002117,2026-08-24,L01,consumer,Category D,4,68.0,completed
T002118,2026-08-24,L01,consumer,Category B,2,24.0,completed
T002119,2026-08-24,L01,consumer,Category C,3,66.0,completed
T002120,2026-08-24,L01,consumer,Category D,3,24.0,completed
T002121,2026-08-24,L01,consumer,Category A,2,28.0,completed
T002122,2026-08-24,L01,consumer,Category B,1,16.0,completed
T002123,2026-08-24,L01,consumer,Category D,5,120.0,completed
T002124,2026-08-24,L01,business,Category B,2,20.0,completed
T002125,2026-08-24,L01,consumer,Category C,2,30.0,completed
T002126,2026-08-24,L01,consumer,Category A,5,95.0,completed
T002127,2026-08-24,L01,consumer,Category B,4,48.0,completed
T002128,2026-08-24,L01,consumer,Category D,1,8.0,completed
T002129,2026-08-24,L01,consumer,Category C,2,18.0,completed
T002130,2026-08-24,L01,consumer,Category C,3,72.0,completed
T002131,2026-08-24,L01,consumer,Category A,5,85.0,completed
T002132,2026-08-24,L01,consumer,Category A,1,15.0,completed
T002133,2026-08-24,L02,consumer,Category C,2,20.0,completed
T002134,2026-08-24,L02,consumer,Category B,6,90.0,completed
T002135,2026-08-24,L02,consumer,Category C,2,22.0,completed
T002136,2026-08-24,L02,business,Category C,5,75.0,completed
T002137,2026-08-24,L02,consumer,Category A,1,19.0,completed
T002138,2026-08-24,L02,consumer,Category B,5,85.0,completed
T002139,2026-08-24,L02,consumer,Category C,2,38.0,completed
T002140,2026-08-24,L02,consumer,Category D,4,72.0,completed
T002141,2026-08-24,L02,business,Category D,6,84.0,completed
T002142,2026-08-24,L02,consumer,Category D,5,120.0,completed
T002143,2026-08-24,L02,business,Category C,6,48.0,completed
T002144,2026-08-24,L02,consumer,Category B,6,126.0,completed
T002145,2026-08-24,L02,business,Category C,6,66.0,completed
T002146,2026-08-24,L02,business,Category C,3,75.0,completed
T002147,2026-08-24,L02,consumer,Category D,5,85.0,completed
T002148,2026-08-24,L02,consumer,Category B,3,42.0,completed
T002149,2026-08-24,L02,business,Category B,3,69.0,cancelled
T002150,2026-08-24,L02,consumer,Category C,1,13.0,completed
T002151,2026-08-24,L02,consumer,Category D,2,34.0,completed
T002152,2026-08-24,L02,consumer,Category C,6,96.0,completed
T002153,2026-08-24,L03,business,Category D,2,38.0,completed
T002154,2026-08-24,L03,consumer,Category B,6,102.0,completed
T002155,2026-08-24,L03,consumer,Category A,5,45.0,completed
T002156,2026-08-24,L03,consumer,Category B,2,28.0,completed
T002157,2026-08-24,L03,consumer,Category A,2,50.0,completed
T002158,2026-08-24,L03,consumer,Category A,3,30.0,completed
T002159,2026-08-24,L03,consumer,Category C,6,102.0,completed
T002160,2026-08-24,L03,business,Category D,2,26.0,completed
T002161,2026-08-24,L03,consumer,Category C,5,120.0,completed
T002162,2026-08-24,L03,consumer,Category D,4,36.0,completed
T002163,2026-08-24,L03,business,Category B,2,24.0,completed
T002164,2026-08-24,L03,business,Category A,1,12.0,completed
T002165,2026-08-25,L01,consumer,Category D,5,115.0,completed
T002166,2026-08-25,L01,consumer,Category B,1,8.0,completed
T002167,2026-08-25,L01,consumer,Category A,4,36.0,completed
T002168,2026-08-25,L01,consumer,Category B,5,40.0,completed
T002169,2026-08-25,L01,consumer,Category C,4,36.0,completed
T002170,2026-08-25,L01,consumer,Category D,3,54.0,completed
T002171,2026-08-25,L01,consumer,Category B,5,45.0,completed
T002172,2026-08-25,L01,business,Category B,5,110.0,completed
T002173,2026-08-25,L01,business,Category C,6,90.0,completed
T002174,2026-08-25,L01,consumer,Category B,6,48.0,completed
T002175,2026-08-25,L01,consumer,Category D,6,72.0,completed
T002176,2026-08-25,L01,consumer,Category A,2,34.0,completed
T002177,2026-08-25,L01,business,Category A,1,19.0,completed
T002178,2026-08-25,L01,consumer,Category D,4,100.0,completed
T002179,2026-08-25,L02,consumer,Category B,6,126.0,completed
T002180,2026-08-25,L02,consumer,Category A,3,39.0,completed
T002181,2026-08-25,L02,business,Category A,1,16.0,completed
T002182,2026-08-25,L02,consumer,Category A,6,84.0,completed
T002183,2026-08-25,L02,consumer,Category A,2,38.0,completed
T002184,2026-08-25,L02,consumer,Category C,4,64.0,completed
T002185,2026-08-25,L02,consumer,Category C,4,88.0,cancelled
T002186,2026-08-25,L02,consumer,Category B,6,78.0,cancelled
T002187,2026-08-25,L02,consumer,Category A,6,126.0,completed
T002188,2026-08-25,L02,consumer,Category D,2,50.0,completed
T002189,2026-08-25,L02,consumer,Category D,5,125.0,completed
T002190,2026-08-25,L02,business,Category A,1,21.0,completed
T002191,2026-08-25,L02,consumer,Category B,6,144.0,completed
T002192,2026-08-25,L02,consumer,Category B,6,144.0,completed
T002193,2026-08-25,L02,consumer,Category A,2,18.0,completed
T002194,2026-08-25,L02,consumer,Category C,2,48.0,completed
T002195,2026-08-25,L02,consumer,Category D,6,90.0,completed
T002196,2026-08-25,L02,business,Category D,4,68.0,completed
T002197,2026-08-25,L02,consumer,Category D,3,69.0,completed
T002198,2026-08-25,L02,consumer,Category B,1,24.0,completed
T002199,2026-08-25,L03,consumer,Category A,4,84.0,completed
T002200,2026-08-25,L03,consumer,Category D,4,76.0,completed
T002201,2026-08-25,L03,consumer,Category C,6,126.0,completed
T002202,2026-08-25,L03,consumer,Category A,5,45.0,completed
T002203,2026-08-25,L03,consumer,Category D,1,8.0,completed
T002204,2026-08-25,L03,consumer,Category B,5,75.0,completed
T002205,2026-08-25,L03,consumer,Category B,3,33.0,completed
T002206,2026-08-25,L03,business,Category D,6,54.0,completed
T002207,2026-08-25,L03,business,Category C,6,72.0,completed
T002208,2026-08-25,L03,business,Category B,1,19.0,completed
T002209,2026-08-25,L03,business,Category D,6,120.0,completed
T002210,2026-08-25,L03,consumer,Category D,6,66.0,completed
T002211,2026-08-25,L03,business,Category D,1,8.0,completed
T002212,2026-08-25,L03,consumer,Category B,2,30.0,completed
T002213,2026-08-25,L03,consumer,Category C,4,76.0,completed
T002214,2026-08-25,L03,consumer,Category A,1,22.0,completed
T002215,2026-08-25,L03,consumer,Category A,6,60.0,completed
T002216,2026-08-25,L03,consumer,Category C,5,75.0,completed
T002217,2026-08-25,L03,consumer,Category C,1,10.0,completed
